aircraft,tailnumber,pilot,departure,arrival,distance_nm,duration_min,duration_hhmm,date_dep_form,date_arr_form,ac_icao_type,ac_manufacturer,ac_model,ac_category,ac_is_ga,ac_airline_name
OE-EKA,OE-EKA,jimmy_carrot,LEBG,LPPR,236.0,80,1:20 h,2026-01-10 13:12:00,2026-01-10 14:33:00,TBM9,Daher,TBM 960,PASSENGER,Yes,
F-GKXC,F-GKXC,1293211,LFST,LSZB,97.0,46,0:46 h,2026-01-10 12:26:00,2026-01-10 13:13:00,A320,Airbus,A320,PASSENGER,No,Air France
OY-KAP,OY-KAP,1929277,EKCH,EVRA,384.0,100,1:40 h,2026-01-10 10:29:00,2026-01-10 12:09:00,A320,Airbus,A320-232,PASSENGER,No,SAS
N548NN,N548NN,Pandonaut,KDFW,KIAH,195.0,72,1:12 h,2026-01-10 06:50:00,2026-01-10 08:03:00,CRJ9,Bombardier,CRJ-900LR,PASSENGER,No,American Airlines
N691NK,N691NK,Jay6zero,KFLL,KMCO,154.0,67,1:07 h,2026-01-10 06:36:00,2026-01-10 07:43:00,A320,Airbus,A320,PASSENGER,No,Spirit Airlines
OE-EKA,OE-EKA,jimmy_carrot,LFBT,LEBG,166.0,70,1:10 h,2026-01-10 05:35:00,2026-01-10 06:45:00,TBM9,Daher,TBM 960,PASSENGER,Yes,
OE-EKA,OE-EKA,jimmy_carrot,LEGE,LFBT,144.0,69,1:09 h,2026-01-10 04:17:00,2026-01-10 05:26:00,TBM9,Daher,TBM 960,PASSENGER,Yes,
N505JB,N505JB,AndyV,MDPC,KBOS,1435.0,279,4:39 h,2026-01-10 00:07:00,2026-01-10 04:46:00,A320,Airbus,A320,PASSENGER,No,Jetblue
HS-TXB,HS-TXB,alphagolfcharlie,VTBS,WSSS,765.0,158,2:38 h,2026-01-09 20:57:00,2026-01-09 23:36:00,A320,Airbus,A320-232,PASSENGER,No,Thai Airways
SX-DVX,SX-DVX,AndyV,LGAV,EDDF,980.0,250,4:10 h,2026-01-09 18:18:00,2026-01-09 22:28:00,A320,Airbus,A320-232,PASSENGER,No,Aegean
OE-EKA,OE-EKA,jimmy_carrot,LFMD,LEGE,209.0,87,1:27 h,2026-01-09 17:47:00,2026-01-09 19:15:00,TBM9,Daher,TBM 960,PASSENGER,Yes,
N569DZ,N569DZ,Aaron1362041,KMSP,EHAM,3609.0,471,7:51 h,2026-01-09 17:39:00,2026-01-10 01:30:00,A359,Airbus,A350-900,PASSENGER,No,Delta Air Lines
N63899,N63899,109Priority,KLAS,KDEN,545.0,136,2:16 h,2026-01-09 17:28:00,2026-01-09 19:44:00,B739,Boeing,737-900,PASSENGER,No,United Airlines
N2MK,N2MK,V1RotateAP,KSTL,KSGF,168.0,67,1:07 h,2026-01-09 17:11:00,2026-01-09 18:18:00,P180,Piaggio,P-180 Avanti,PASSENGER,Yes,
OE-EKA,OE-EKA,jimmy_carrot,LSZA,LFMD,169.0,73,1:13 h,2026-01-09 16:22:00,2026-01-09 17:36:00,TBM9,Daher,TBM 960,PASSENGER,Yes,
N77ZE,N77ZE,alchemydc,KAGC,KEAR,868.0,326,5:26 h,2026-01-09 16:09:00,2026-01-09 21:36:00,PC12,Pilatus,PC-12/45,PASSENGER,Yes,
G-EUYF,G-EUYF,1929277,EGLL,EKCH,528.0,132,2:12 h,2026-01-09 16:09:00,2026-01-09 18:22:00,A320,Airbus,A320,PASSENGER,No,British Airways
OE-EKA,OE-EKA,jimmy_carrot,LIRZ,LSZA,232.0,86,1:26 h,2026-01-09 14:43:00,2026-01-09 16:09:00,TBM9,Daher,TBM 960,PASSENGER,Yes,
A6-EGE,A6-EGE,AndyV,OBBI,OMDB,262.0,82,1:22 h,2026-01-09 14:10:00,2026-01-09 15:32:00,B77W,Boeing,777-300ER,PASSENGER,No,Emirates
OE-EKA,OE-EKA,jimmy_carrot,LDSP,LIRZ,167.0,81,1:21 h,2026-01-09 09:16:00,2026-01-09 10:38:00,TBM9,Daher,TBM 960,PASSENGER,Yes,
OE-EKA,OE-EKA,jimmy_carrot,LIRA,LDSP,193.0,70,1:10 h,2026-01-09 07:52:00,2026-01-09 09:02:00,TBM9,Daher,TBM 960,PASSENGER,Yes,
N972UY,N972UY,Jay6zero,KDCA,KJFK,184.0,73,1:13 h,2026-01-09 04:50:00,2026-01-09 06:03:00,A321,Airbus,A321,PASSENGER,No,American Airlines
N77ZE,N77ZE,alchemydc,KFRG,KAGC,298.0,144,2:24 h,2026-01-08 21:46:00,2026-01-09 00:10:00,PC12,Pilatus,PC-12/45,PASSENGER,Yes,
EI-HXA,EI-HXA,AndyV,LFMN,LIRF,248.0,104,1:44 h,2026-01-08 20:58:00,2026-01-08 22:43:00,A21N,Airbus,A321-271NX,PASSENGER,No,ITA Airways
EI-HXA,EI-HXA,AndyV,LIRF,LFMN,248.0,80,1:20 h,2026-01-08 18:45:00,2026-01-08 20:05:00,A21N,Airbus,A321-271NX,PASSENGER,No,ITA Airways
N505JB,N505JB,Jay6zero,TJSJ,MDPC,134.0,91,1:31 h,2026-01-08 18:29:00,2026-01-08 20:01:00,A320,Airbus,A320,PASSENGER,No,Jetblue
N375GR,N375GR,V1RotateAP,MKJS,MHRO,510.0,95,1:35 h,2026-01-08 18:25:00,2026-01-08 20:01:00,C25C,Cessna,525C CitationJet CJ4,PASSENGER,Yes,
A6-EGE,A6-EGE,AndyV,OMDB,OBBI,262.0,81,1:21 h,2026-01-08 16:49:00,2026-01-08 18:11:00,B77W,Boeing,777-300ER,PASSENGER,No,Emirates
OE-EKA,OE-EKA,jimmy_carrot,LDPL,LIRA,194.0,66,1:06 h,2026-01-08 14:18:00,2026-01-08 15:25:00,TBM9,Daher,TBM 960,PASSENGER,Yes,
OE-EKA,OE-EKA,jimmy_carrot,LIPX,LDPL,131.0,55,0:55 h,2026-01-08 13:16:00,2026-01-08 14:11:00,TBM9,Daher,TBM 960,PASSENGER,Yes,
OE-EKA,OE-EKA,jimmy_carrot,EDDC,LIPX,363.0,100,1:40 h,2026-01-08 11:31:00,2026-01-08 13:11:00,TBM9,Daher,TBM 960,PASSENGER,Yes,
OE-EKA,OE-EKA,jimmy_carrot,EDAJ,EDDC,63.0,45,0:45 h,2026-01-08 10:37:00,2026-01-08 11:23:00,TBM9,Daher,TBM 960,PASSENGER,Yes,
G-HMGG,G-HMGG,TATsim,EGPO,EGNJ,343.0,88,1:28 h,2026-01-08 10:13:00,2026-01-08 11:42:00,B350,Beechcraft,300 King Air,MILITARY,No,HM Coastguard
OE-EKA,OE-EKA,jimmy_carrot,LSZR,EDAJ,227.0,83,1:23 h,2026-01-08 08:14:00,2026-01-08 09:37:00,TBM9,Daher,TBM 960,PASSENGER,Yes,
OE-EKA,OE-EKA,jimmy_carrot,LFSN,LSZR,151.0,56,0:56 h,2026-01-08 07:09:00,2026-01-08 08:05:00,TBM9,Daher,TBM 960,PASSENGER,Yes,
N691NK,N691NK,Jay6zero,KMCO,KFLL,154.0,57,0:57 h,2026-01-08 06:00:00,2026-01-08 06:57:00,A320,Airbus,A320,PASSENGER,No,Spirit Airlines
VH-VXI,VH-VXI,AndyV,YMML,YSSY,380.0,101,1:41 h,2026-01-08 04:42:00,2026-01-08 06:23:00,B738,Boeing,737-800,PASSENGER,No,Qantas
N844FD,N844FD,Jay6zero,KCLT,KMEM,443.0,110,1:50 h,2026-01-08 03:25:00,2026-01-08 05:16:00,B77L,Boeing,777-200F,FREIGHTER,No,FedEx
N505JB,N505JB,AndyV,MDST,TJSJ,267.0,79,1:19 h,2026-01-08 02:53:00,2026-01-08 04:13:00,A320,Airbus,A320,PASSENGER,No,Jetblue
N875FD,N875FD,Mark3568,KOAK,KPHX,560.0,113,1:53 h,2026-01-08 02:39:00,2026-01-08 04:32:00,B77L,Boeing,777-F,FREIGHTER,No,FedEx
N204CM,N204CM,PilotDeviation,KLGB,KLAX,14.0,29,0:29 h,2026-01-08 02:05:00,2026-01-08 02:34:00,C172,Cessna,172M Skyhawk,PASSENGER,Yes,
N204CM,N204CM,ClimbToFL150,KAVX,KLGB,28.0,38,0:38 h,2026-01-07 23:59:00,2026-01-08 00:38:00,C172,Cessna,172M Skyhawk,PASSENGER,Yes,
OH-LWA,OH-LWA,bradfier,EFHK,EDDM,850.0,154,2:34 h,2026-01-07 20:56:00,2026-01-07 23:31:00,A359,Airbus,A350-900,PASSENGER,No,Finnair
N733BR,N733BR,V1RotateAP,MMML,KMYF,96.0,59,0:59 h,2026-01-07 19:23:00,2026-01-07 20:23:00,C172,Cessna,172 Skyhawk,PASSENGER,Yes,
D-AIZD,D-AIZD,Heustreu,EDDL,EDDF,101.0,76,1:16 h,2026-01-07 18:30:00,2026-01-07 19:46:00,A320,Airbus,A320,PASSENGER,No,Lufthansa
N17105,N17105,Lyra,SPJC,KEWR,3169.0,462,7:42 h,2026-01-07 18:19:00,2026-01-08 02:01:00,B752,Boeing,757-200,PASSENGER,No,United Airlines
N2MK,N2MK,V1RotateAP,KIND,KSTL,198.0,65,1:05 h,2026-01-07 18:13:00,2026-01-07 19:18:00,P180,Piaggio,P-180 Avanti,PASSENGER,Yes,
G-HMGG,G-HMGG,TATsim,EGPO,EGPO,0.0,268,4:28 h,2026-01-07 17:14:00,2026-01-07 21:42:00,B350,Beechcraft,300 King Air,MILITARY,No,HM Coastguard
OO-SBA,OO-SBA,AndyV,EBBR,LOWW,499.0,107,1:47 h,2026-01-07 17:09:00,2026-01-07 18:57:00,A20N,Airbus,A320-271N,PASSENGER,No,Brussels Airlines
N733BR,N733BR,V1RotateAP,MMPE,MMML,125.0,75,1:15 h,2026-01-07 16:49:00,2026-01-07 18:04:00,C172,Cessna,172 Skyhawk,PASSENGER,Yes,
I-AMAA,I-AMAA,Frilex,EDJA,EDFM,112.0,72,1:12 h,2026-01-07 16:11:00,2026-01-07 17:23:00,C172,Cessna,172M Skyhawk,PASSENGER,Yes,
G-HMGG,G-HMGG,TATsim,EGMD,EGPO,503.0,138,2:18 h,2026-01-07 14:51:00,2026-01-07 17:09:00,B350,Beechcraft,300 King Air,MILITARY,No,HM Coastguard
N204CM,N204CM,PilotDeviation,KSBA,KAVX,93.0,75,1:15 h,2026-01-07 13:11:00,2026-01-07 14:26:00,C172,Cessna,172M Skyhawk,PASSENGER,Yes,
N880FD,N880FD,Jay6zero,KJFK,KBOS,162.0,61,1:01 h,2026-01-07 08:16:00,2026-01-07 09:17:00,B77L,Boeing,777-200F,FREIGHTER,No,FedEx
N539LC,N539LC,Pandonaut,KTEB,KMVY,159.0,77,1:17 h,2026-01-07 07:04:00,2026-01-07 08:22:00,C25C,Cessna,Citation CJ4,PASSENGER,Yes,
N959NN,N959NN,Jay6zero,KCLT,KJFK,470.0,85,1:25 h,2026-01-07 05:16:00,2026-01-07 06:42:00,B738,Boeing,737-800,PASSENGER,No,American Airlines
N959NN,N959NN,Jay6zero,KCLT,KCLT,0.0,18,0:18 h,2026-01-07 04:47:00,2026-01-07 05:05:00,B738,Boeing,737-800,PASSENGER,No,American Airlines
N844FD,N844FD,Jay6zero,KMIA,KCLT,566.0,102,1:42 h,2026-01-07 02:53:00,2026-01-07 04:35:00,B77L,Boeing,777-200F,FREIGHTER,No,FedEx
N3752,N3752,KDTW_Al,KLAX,KDEN,747.0,130,2:10 h,2026-01-06 23:36:00,2026-01-07 01:47:00,B738,Boeing,737-832,PASSENGER,No,Delta Air Lines
LV-KAN,LV-KAN,AndyV,SAEZ,SBGL,1077.0,179,2:59 h,2026-01-06 23:31:00,2026-01-07 02:30:00,A332,Airbus,A330-202,PASSENGER,No,Aerolineas Argentinas
330003,330003,Aaron1362041,CYOW,CYEG,1538.0,272,4:32 h,2026-01-06 22:39:00,2026-01-07 03:12:00,A332,Airbus,CC-330 Husky,MILITARY,No,Canadian Air Force
N375GR,N375GR,V1RotateAP,KMIA,MKJS,457.0,85,1:25 h,2026-01-06 22:04:00,2026-01-06 23:29:00,C25C,Cessna,525C CitationJet CJ4,PASSENGER,Yes,
N204CM,N204CM,V1RotateAP,KSBP,KSBA,62.0,51,0:51 h,2026-01-06 20:44:00,2026-01-06 21:36:00,C172,Cessna,172M Skyhawk,PASSENGER,Yes,
D-AIZD,D-AIZD,Heustreu,EDDF,EDDL,101.0,93,1:33 h,2026-01-06 18:17:00,2026-01-06 19:51:00,A320,Airbus,A320,PASSENGER,No,Lufthansa
N204CM,N204CM,cautionwake,KMRY,KSBP,99.0,74,1:14 h,2026-01-06 15:33:00,2026-01-06 16:47:00,C172,Cessna,172M Skyhawk,PASSENGER,Yes,
N17105,N17105,Lyra,KEWR,SPJC,3169.0,461,7:41 h,2026-01-06 14:21:00,2026-01-06 22:03:00,B752,Boeing,757-200,PASSENGER,No,United Airlines
N204CM,N204CM,PilotDeviation,KMPI,KMRY,102.0,72,1:12 h,2026-01-06 13:49:00,2026-01-06 15:02:00,C172,Cessna,172M Skyhawk,PASSENGER,Yes,
OE-EKA,OE-EKA,jimmy_carrot,LFPN,LFSN,163.0,66,1:06 h,2026-01-06 07:14:00,2026-01-06 08:20:00,TBM9,Daher,TBM 960,PASSENGER,Yes,
N204CM,N204CM,Lyra,KO24,KMPI,51.0,51,0:51 h,2026-01-06 02:19:00,2026-01-06 03:11:00,C172,Cessna,172M Skyhawk,PASSENGER,Yes,
330003,330003,Aaron1362041,CYTR,CYOW,107.0,44,0:44 h,2026-01-06 01:42:00,2026-01-06 02:26:00,A332,Airbus,CC-330 Husky,MILITARY,No,Canadian Air Force
N204CM,N204CM,Lyra,3Q0,KO24,53.0,56,0:56 h,2026-01-06 00:59:00,2026-01-06 01:55:00,C172,Cessna,172M Skyhawk,PASSENGER,Yes,
N365DN,N365DN,Jay6zero,KLGA,KJFK,9.0,24,0:24 h,2026-01-06 00:48:00,2026-01-06 01:12:00,A321,Airbus,A321-211,PASSENGER,No,Delta Air Lines
N204CM,N204CM,alchemydc,NV11,3Q0,130.0,106,1:46 h,2026-01-05 22:06:00,2026-01-05 23:52:00,C172,Cessna,172M Skyhawk,PASSENGER,Yes,
N505JB,N505JB,Jay6zero,KJFK,MDST,1285.0,213,3:33 h,2026-01-05 19:27:00,2026-01-05 23:00:00,A320,Airbus,A320,PASSENGER,No,Jetblue
N204CM,N204CM,V1RotateAP,KLSV,NV11,64.0,61,1:01 h,2026-01-05 18:38:00,2026-01-05 19:39:00,C172,Cessna,172M Skyhawk,PASSENGER,Yes,
N204CM,N204CM,Alan5234,9CO3,KLSV,323.0,208,3:28 h,2026-01-05 14:54:00,2026-01-05 18:23:00,C172,Cessna,172M Skyhawk,PASSENGER,Yes,
N204CM,N204CM,Alan5234,9CO3,9CO3,0.0,8,0:08 h,2026-01-05 14:41:00,2026-01-05 14:49:00,C172,Cessna,172M Skyhawk,PASSENGER,Yes,
N17105,N17105,Lyra,LPFR,KEWR,3028.0,515,8:35 h,2026-01-05 13:53:00,2026-01-05 22:28:00,B752,Boeing,757-200,PASSENGER,No,United Airlines
N817EM,N817EM,jimmy_carrot,EPWA,EKCH,359.0,88,1:28 h,2026-01-05 10:29:00,2026-01-05 11:57:00,LJ35,Learjet,35A,PASSENGER,Yes,
N204CM,N204CM,PilotDeviation,KTEX,9CO3,66.0,57,0:57 h,2026-01-05 02:42:00,2026-01-05 03:39:00,C172,Cessna,172M Skyhawk,PASSENGER,Yes,
N204CM,N204CM,semartinezmo,KTCC,KTEX,265.0,196,3:16 h,2026-01-04 22:42:00,2026-01-05 01:58:00,C172,Cessna,172M Skyhawk,PASSENGER,Yes,
SP-LWA,SP-LWA,AndyV,EPWA,EGLL,793.0,156,2:36 h,2026-01-04 21:05:00,2026-01-04 23:42:00,B738,Boeing,737-89P,PASSENGER,No,LOT Polish Airlines
N204CM,N204CM,1562477,KAMA,KTCC,93.0,64,1:04 h,2026-01-04 20:20:00,2026-01-04 21:25:00,C172,Cessna,172M Skyhawk,PASSENGER,Yes,
EC-LRG,EC-LRG,bradfier,LPMA,LEMD,788.0,141,2:21 h,2026-01-04 18:48:00,2026-01-04 21:10:00,A320,Airbus,A320-214,PASSENGER,No,Iberia
N809MC,N809MC,semartinezmo,KDTW,KMIA,997.0,169,2:49 h,2026-01-04 18:29:00,2026-01-04 21:19:00,B742,Boeing,747-228F(SCD),FREIGHTER,No,Atlas Air
N817EM,N817EM,jimmy_carrot,LKPR,EPWA,281.0,93,1:33 h,2026-01-04 18:18:00,2026-01-04 19:51:00,LJ35,Learjet,35A,PASSENGER,Yes,
N204CM,N204CM,Alan5234,KOKM,KAMA,282.0,179,2:59 h,2026-01-04 17:04:00,2026-01-04 20:04:00,C172,Cessna,172M Skyhawk,PASSENGER,Yes,
N817EM,N817EM,jimmy_carrot,LIMF,LKPR,397.0,83,1:23 h,2026-01-04 16:34:00,2026-01-04 17:57:00,LJ35,Learjet,35A,PASSENGER,Yes,
N817EM,N817EM,jimmy_carrot,EDDS,LIMF,219.0,66,1:06 h,2026-01-04 15:23:00,2026-01-04 16:29:00,LJ35,Learjet,35A,PASSENGER,Yes,
N817EM,N817EM,jimmy_carrot,EDDC,EDDS,228.0,66,1:06 h,2026-01-04 14:10:00,2026-01-04 15:16:00,LJ35,Learjet,35A,PASSENGER,Yes,
D-AGWB,D-AGWB,1569397,EDDB,LIRF,636.0,201,3:21 h,2026-01-04 13:28:00,2026-01-04 16:49:00,A319,Airbus,A319,PASSENGER,No,Eurowings
EC-LRG,EC-LRG,bradfier,LEMD,LPMA,788.0,156,2:36 h,2026-01-04 13:04:00,2026-01-04 15:40:00,A320,Airbus,A320-214,PASSENGER,No,Iberia
N204CM,N204CM,Frilex,K7M5,KOKM,103.0,81,1:21 h,2026-01-04 12:50:00,2026-01-04 14:12:00,C172,Cessna,172M Skyhawk,PASSENGER,Yes,
N17105,N17105,Lyra,KEWR,LPFR,3028.0,397,6:37 h,2026-01-04 12:25:00,2026-01-04 19:02:00,B752,Boeing,757-200,PASSENGER,No,United Airlines
N817EM,N817EM,jimmy_carrot,LOWW,EDDC,211.0,67,1:07 h,2026-01-04 10:48:00,2026-01-04 11:55:00,LJ35,Learjet,35A,PASSENGER,Yes,
N891NN,N891NN,semartinezmo,KLAX,KSFO,293.0,101,1:41 h,2026-01-04 06:46:00,2026-01-04 08:28:00,B738,Boeing,737-800,PASSENGER,No,American Airlines
N204CM,N204CM,jimmy_carrot,KM36,K7M5,136.0,94,1:34 h,2026-01-04 06:22:00,2026-01-04 07:56:00,C172,Cessna,172M Skyhawk,PASSENGER,Yes,
N204CM,N204CM,Jaraffe,KM01,KM36,58.0,46,0:46 h,2026-01-04 05:19:00,2026-01-04 06:06:00,C172,Cessna,172M Skyhawk,PASSENGER,Yes,
N204CM,N204CM,PilotDeviation,KCPS,KM01,202.0,112,1:52 h,2026-01-04 02:15:00,2026-01-04 04:07:00,C172,Cessna,172M Skyhawk,PASSENGER,Yes,
CS-TUA,CS-TUA,semartinezmo,LPPT,LPMA,521.0,112,1:52 h,2026-01-03 23:59:00,2026-01-04 01:51:00,A339,Airbus,A330-941,PASSENGER,No,TAP Air Portugal
N930DX,N930DX,ClimbToFL150,KBFI,KEUG,207.0,95,1:35 h,2026-01-03 23:59:00,2026-01-04 01:35:00,TBM9,Daher,TBM 930,PASSENGER,Yes,
OH-LXA,OH-LXA,bradfier,EFHK,LOWI,916.0,162,2:42 h,2026-01-03 21:52:00,2026-01-04 00:35:00,A320,Airbus,A320,PASSENGER,No,Finnair
N475UA,N475UA,Jaraffe,KDEN,KASE,108.0,49,0:49 h,2026-01-03 20:57:00,2026-01-03 21:46:00,A320,Airbus,A320-232,PASSENGER,No,United Airlines
N204CM,N204CM,Alan5234,KGAS,KCPS,374.0,242,4:02 h,2026-01-03 18:41:00,2026-01-03 22:44:00,C172,Cessna,172M Skyhawk,PASSENGER,Yes,
N817EM,N817EM,jimmy_carrot,LIML,LOWW,339.0,75,1:15 h,2026-01-03 18:36:00,2026-01-03 19:51:00,LJ35,Learjet,35A,PASSENGER,Yes,
N817EM,N817EM,jimmy_carrot,LFPB,LIML,349.0,79,1:19 h,2026-01-03 16:41:00,2026-01-03 18:00:00,LJ35,Learjet,35A,PASSENGER,Yes,
OE-LWF,OE-LWF,prl,LOWW,LBSF,434.0,105,1:45 h,2026-01-03 16:01:00,2026-01-03 17:47:00,E195,Embraer,ERJ-190-200LR,PASSENGER,No,Austrian
N204CM,N204CM,Phil,KCGS,KGAS,244.0,164,2:44 h,2026-01-03 15:55:00,2026-01-03 18:39:00,C172,Cessna,172M Skyhawk,PASSENGER,Yes,
CS-TJF,CS-TJF,AndyV,LPPT,EGLL,844.0,167,2:47 h,2026-01-03 15:18:00,2026-01-03 18:05:00,A321,Airbus,A321-211,PASSENGER,No,TAP Air Portugal
OH-LXA,OH-LXA,bradfier,EDDF,EFHK,831.0,167,2:47 h,2026-01-03 13:37:00,2026-01-03 16:24:00,A320,Airbus,A320,PASSENGER,No,Finnair
F-GKXC,F-GKXC,1293211,LFMT,LFST,334.0,85,1:25 h,2026-01-03 12:26:00,2026-01-03 13:51:00,A320,Airbus,A320,PASSENGER,No,Air France
N817EM,N817EM,jimmy_carrot,EGLF,LFPB,185.0,62,1:02 h,2026-01-03 06:50:00,2026-01-03 07:52:00,LJ35,Learjet,35A,PASSENGER,Yes,
N859GT,N859GT,semartinezmo,KCVG,CYYZ,358.0,96,1:36 h,2026-01-03 04:50:00,2026-01-03 06:26:00,B748,Boeing,747-87UF,FREIGHTER,No,Atlas Air
N900ZZ,N900ZZ,Jaraffe,KAUS,KTKI,187.0,68,1:08 h,2026-01-03 04:47:00,2026-01-03 05:55:00,BT36,Beechcraft,B36TC Bonanza,PASSENGER,Yes,
N204CM,N204CM,1462381,KJFK,KCGS,176.0,185,3:05 h,2026-01-03 03:51:00,2026-01-03 06:56:00,C172,Cessna,172M Skyhawk,PASSENGER,Yes,
N750EC,N750EC,semartinezmo,MMSD,MMMX,635.0,112,1:52 h,2026-01-03 02:32:00,2026-01-03 04:24:00,C750,Cessna,Citation X,PASSENGER,Yes,
N504JB,N504JB,1562477,KEYW,KATL,562.0,113,1:53 h,2026-01-03 00:40:00,2026-01-03 02:33:00,A320,Airbus,A320,PASSENGER,No,Jetblue
N365DN,N365DN,AndyV,KDTW,KLGA,434.0,90,1:30 h,2026-01-03 00:12:00,2026-01-03 01:43:00,A321,Airbus,A321-211,PASSENGER,No,Delta Air Lines
D-AIZE,D-AIZE,bradfier,EDDF,EGCC,448.0,135,2:15 h,2026-01-02 21:43:00,2026-01-02 23:58:00,A320,Airbus,A320,PASSENGER,No,Lufthansa
N892FD,N892FD,lebrun,PANC,KEWR,2920.0,400,6:40 h,2026-01-02 19:09:00,2026-01-03 01:49:00,B77L,Boeing,777-FS2,FREIGHTER,No,FedEx
N375GR,N375GR,V1RotateAP,KJAX,KMIA,291.0,75,1:15 h,2026-01-02 16:29:00,2026-01-02 17:45:00,C25C,Cessna,525C CitationJet CJ4,PASSENGER,Yes,
N504JB,N504JB,1562477,KLGA,KEYW,1051.0,238,3:58 h,2026-01-02 15:55:00,2026-01-02 19:54:00,A320,Airbus,A320,PASSENGER,No,Jetblue
N521DN,N521DN,PilotDeviation,KLAX,KDAL,1080.0,174,2:54 h,2026-01-02 15:47:00,2026-01-02 18:42:00,A359,Airbus,A350-941,PASSENGER,No,Delta Air Lines
N817EM,N817EM,jimmy_carrot,EDDH,EGLF,417.0,84,1:24 h,2026-01-02 15:00:00,2026-01-02 16:25:00,LJ35,Learjet,35A,PASSENGER,Yes,
D-AGWB,D-AGWB,1569397,EKCH,EDDB,198.0,99,1:39 h,2026-01-02 14:47:00,2026-01-02 16:26:00,A319,Airbus,A319,PASSENGER,No,Eurowings
D-AIZD,D-AIZD,Heustreu,EGPH,EDDF,557.0,128,2:08 h,2026-01-02 14:18:00,2026-01-02 16:26:00,A320,Airbus,A320,PASSENGER,No,Lufthansa
N817EM,N817EM,jimmy_carrot,EDDS,EDDH,298.0,89,1:29 h,2026-01-02 13:02:00,2026-01-02 14:32:00,LJ35,Learjet,35A,PASSENGER,Yes,
N817EM,N817EM,jimmy_carrot,EBBR,EDDS,226.0,91,1:31 h,2026-01-02 11:26:00,2026-01-02 12:57:00,LJ35,Learjet,35A,PASSENGER,Yes,
N817EM,N817EM,jimmy_carrot,EKBI,EBBR,335.0,93,1:33 h,2026-01-02 09:38:00,2026-01-02 11:12:00,LJ35,Learjet,35A,PASSENGER,Yes,
N817EM,N817EM,jimmy_carrot,EDDB,EKBI,253.0,62,1:02 h,2026-01-02 08:32:00,2026-01-02 09:35:00,LJ35,Learjet,35A,PASSENGER,Yes,
D-AALA,D-AALA,bradfier,OERK,ZGSZ,3650.0,472,7:52 h,2026-01-02 08:11:00,2026-01-02 16:04:00,B77L,Boeing,777-FZN,FREIGHTER,No,AeroLogic
N2MK,N2MK,V1RotateAP,KLEX,KIND,128.0,52,0:52 h,2026-01-02 03:15:00,2026-01-02 04:07:00,P180,Piaggio,P-180 Avanti,PASSENGER,Yes,
N891NN,N891NN,AndyV,KPHX,KLAX,320.0,91,1:31 h,2026-01-02 02:23:00,2026-01-02 03:54:00,B738,Boeing,737-800,PASSENGER,No,American Airlines
N8544Z,N8544Z,semartinezmo,KMDW,KALB,621.0,123,2:03 h,2026-01-01 23:39:00,2026-01-02 01:43:00,B738,Boeing,737-800,PASSENGER,No,Southwest Airlines
N375GR,N375GR,V1RotateAP,KATL,KJAX,234.0,51,0:51 h,2026-01-01 21:20:00,2026-01-01 22:11:00,C25C,Cessna,525C CitationJet CJ4,PASSENGER,Yes,
N891NN,N891NN,semartinezmo,KSAT,KPHX,731.0,168,2:48 h,2026-01-01 19:41:00,2026-01-01 22:30:00,B738,Boeing,737-800,PASSENGER,No,American Airlines
N891NN,N891NN,semartinezmo,KDFW,KSAT,247.0,0,0:00 h,2026-01-01 19:13:00,2026-01-01 19:05:00,B738,Boeing,737-800,PASSENGER,No,American Airlines
D-AALA,D-AALA,bradfier,EDDP,OERK,2353.0,378,6:18 h,2026-01-01 19:00:00,2026-01-02 01:18:00,B77L,Boeing,777-FZN,FREIGHTER,No,AeroLogic
G-TAWI,G-TAWI,Frilex,EDDE,EDJA,181.0,85,1:25 h,2026-01-01 17:19:00,2026-01-01 18:44:00,B738,Boeing,737-8K5,PASSENGER,No,TUI fly
N817EM,N817EM,jimmy_carrot,LOWI,EDDB,317.0,114,1:54 h,2026-01-01 17:18:00,2026-01-01 19:12:00,LJ35,Learjet,35A,PASSENGER,Yes,
G-DBCA,G-DBCA,alphagolfcharlie,EGLL,EDDB,519.0,131,2:11 h,2026-01-01 17:10:00,2026-01-01 19:21:00,A319,Airbus,A319,PASSENGER,No,British Airways
OH-LXA,OH-LXA,AndyV,EFHK,EDDF,831.0,172,2:52 h,2026-01-01 17:05:00,2026-01-01 19:57:00,A320,Airbus,A320,PASSENGER,No,Finnair
N817EM,N817EM,jimmy_carrot,EDVK,LOWI,260.0,75,1:15 h,2026-01-01 15:47:00,2026-01-01 17:02:00,LJ35,Learjet,35A,PASSENGER,Yes,
G-TAWI,G-TAWI,Frilex,EDDV,EDDE,100.0,75,1:15 h,2026-01-01 15:46:00,2026-01-01 17:01:00,B738,Boeing,737-8K5,PASSENGER,No,TUI fly
D-AIZE,D-AIZE,bradfier,EDDS,EDDF,84.0,59,0:59 h,2026-01-01 14:17:00,2026-01-01 15:17:00,A320,Airbus,A320,PASSENGER,No,Lufthansa
N817EM,N817EM,jimmy_carrot,EGBB,EDVK,416.0,86,1:26 h,2026-01-01 07:35:00,2026-01-01 09:01:00,LJ35,Learjet,35A,PASSENGER,Yes,
N501DN,N501DN,ClimbToFL150,KATL,KDTW,517.0,136,2:16 h,2026-01-01 06:20:00,2026-01-01 08:37:00,A359,Airbus,A350-900,PASSENGER,No,Delta Air Lines
N2MK,N2MK,V1RotateAP,KIND,KLEX,128.0,45,0:45 h,2026-01-01 02:56:00,2026-01-01 03:42:00,P180,Piaggio,P-180 Avanti,PASSENGER,Yes,
N77ZE,N77ZE,alchemydc,KCLT,KFRG,486.0,142,2:22 h,2026-01-01 02:28:00,2026-01-01 04:50:00,PC12,Pilatus,PC-12/45,PASSENGER,Yes,
N750EC,N750EC,semartinezmo,KSAN,MMSD,697.0,133,2:13 h,2025-12-31 22:51:00,2026-01-01 01:04:00,C750,Cessna,Citation X,PASSENGER,Yes,
N161UW,N161UW,AndyV,KMIA,KATL,517.0,129,2:09 h,2025-12-31 20:59:00,2025-12-31 23:08:00,A321,Airbus,A321,PASSENGER,No,American Airlines
D-AIZE,D-AIZE,bradfier,EDDF,EDDS,84.0,67,1:07 h,2025-12-31 20:43:00,2025-12-31 21:50:00,A320,Airbus,A320,PASSENGER,No,Lufthansa
N972UY,N972UY,1462381,KDFW,KDCA,1033.0,177,2:57 h,2025-12-31 19:33:00,2025-12-31 22:31:00,A321,Airbus,A321,PASSENGER,No,American Airlines
N809MC,N809MC,Somebody,KMIA,KDTW,997.0,199,3:19 h,2025-12-31 19:02:00,2025-12-31 22:21:00,B742,Boeing,747-228F(SCD),FREIGHTER,No,Atlas Air
N375GR,N375GR,V1RotateAP,KORF,KATL,448.0,108,1:48 h,2025-12-31 17:58:00,2025-12-31 19:47:00,C25C,Cessna,525C CitationJet CJ4,PASSENGER,Yes,
N750EC,N750EC,semartinezmo,PASI,KSAN,1640.0,251,4:11 h,2025-12-31 16:24:00,2025-12-31 20:36:00,C750,Cessna,Citation X,PASSENGER,Yes,
N129K,N129K,V1RotateAP,KMSO,KHLN,88.0,70,1:10 h,2025-12-31 16:22:00,2025-12-31 17:33:00,C172,Cessna,172 Skyhawk,PASSENGER,Yes,
D-AGWB,D-AGWB,1569397,EDDG,EKCH,273.0,100,1:40 h,2025-12-31 13:28:00,2025-12-31 15:08:00,A319,Airbus,A319,PASSENGER,No,Eurowings
N399DA,N399DA,PilotDeviation,KDTW,KATL,517.0,114,1:54 h,2025-12-31 13:25:00,2025-12-31 15:20:00,B738,Boeing,737-832,PASSENGER,No,Delta Air Lines
D-ALFE,D-ALFE,bradfier,BGGH,KJFK,1610.0,262,4:22 h,2025-12-31 12:20:00,2025-12-31 16:42:00,B77L,Boeing,777-FBT,FREIGHTER,No,Lufthansa Cargo
VT-PPO,VT-PPO,Mushfiq21,VOMM,VOBL,144.0,75,1:15 h,2025-12-31 10:35:00,2025-12-31 11:50:00,A321,Airbus,A321-211,PASSENGER,No,Air India
TC-JSZ,TC-JSZ,Erdemes,LTCR,LTFM,603.0,166,2:46 h,2025-12-31 07:36:00,2025-12-31 10:22:00,A321,Airbus,A321-231,PASSENGER,No,Turkish Airlines
N411DX,N411DX,Jay6zero,KATL,KJFK,659.0,124,2:04 h,2025-12-31 06:04:00,2025-12-31 08:08:00,A339,Airbus,A330-941,PASSENGER,No,Delta Air Lines
TC-JSZ,TC-JSZ,Erdemes,LTFM,LTCR,603.0,134,2:14 h,2025-12-31 05:05:00,2025-12-31 07:20:00,A321,Airbus,A321-231,PASSENGER,No,Turkish Airlines
N374DA,N374DA,KDTW_Al,KJFK,KMCO,821.0,159,2:39 h,2025-12-31 00:07:00,2025-12-31 02:47:00,B738,Boeing,737-800,PASSENGER,No,Delta Air Lines
N47108,N47108,TATsim,KABE,KHPN,82.0,81,1:21 h,2025-12-30 23:44:00,2025-12-31 01:05:00,C152,Cessna,152,PASSENGER,Yes,
N950NN,N950NN,semartinezmo,KLAX,KLAS,205.0,84,1:24 h,2025-12-30 23:01:00,2025-12-31 00:26:00,B738,Boeing,737-800,PASSENGER,No,American Airlines
N77ZE,N77ZE,alchemydc,KRIC,KCLT,222.0,107,1:47 h,2025-12-30 22:50:00,2025-12-31 00:37:00,PC12,Pilatus,PC-12/45,PASSENGER,Yes,
N375GR,N375GR,V1RotateAP,KJFK,KORF,251.0,74,1:14 h,2025-12-30 22:48:00,2025-12-31 00:03:00,C25C,Cessna,525C CitationJet CJ4,PASSENGER,Yes,
D-AILA,D-AILA,Frilex,EDDC,EDVK,165.0,73,1:13 h,2025-12-30 21:57:00,2025-12-30 23:10:00,A319,Airbus,A319,PASSENGER,No,Lufthansa
N2MK,N2MK,V1RotateAP,KORD,KIND,154.0,70,1:10 h,2025-12-30 21:21:00,2025-12-30 22:32:00,P180,Piaggio,P-180 Avanti,PASSENGER,Yes,
N569DZ,N569DZ,alphagolfcharlie,KDTW,KMSP,458.0,126,2:06 h,2025-12-30 21:16:00,2025-12-30 23:22:00,A359,Airbus,A350-900,PASSENGER,No,Delta Air Lines
N934WN,N934WN,1462381,KDAL,KLGA,1198.0,220,3:40 h,2025-12-30 20:46:00,2025-12-31 00:26:00,B737,Boeing,737-700,PASSENGER,No,Southwest Airlines
N900ZZ,N900ZZ,Jaraffe,KT30,KAUS,111.0,56,0:56 h,2025-12-30 19:30:00,2025-12-30 20:26:00,BT36,Beechcraft,B36TC Bonanza,PASSENGER,Yes,
N569DZ,N569DZ,alphagolfcharlie,KATL,KDTW,517.0,97,1:37 h,2025-12-30 19:06:00,2025-12-30 20:44:00,A359,Airbus,A350-900,PASSENGER,No,Delta Air Lines
N732AP,N732AP,Jaraffe,KPTK,K3W2,67.0,42,0:42 h,2025-12-30 18:41:00,2025-12-30 19:23:00,SF50,Cirrus,SF50 Vision Jet,PASSENGER,Yes,
N750EC,N750EC,semartinezmo,KRNO,PASI,1217.0,201,3:21 h,2025-12-30 17:32:00,2025-12-30 20:53:00,C750,Cessna,Citation X,PASSENGER,Yes,
D-AIRA,D-AIRA,AndyV,EDDF,EETN,793.0,171,2:51 h,2025-12-30 17:31:00,2025-12-30 20:23:00,A321,Airbus,A321,PASSENGER,No,Lufthansa
D-AIZC,D-AIZC,Heustreu,EDDM,EKCH,437.0,135,2:15 h,2025-12-30 17:29:00,2025-12-30 19:45:00,A320,Airbus,A320,PASSENGER,No,Lufthansa
N371DA,N371DA,cautionwake,KMSP,KLGA,884.0,154,2:34 h,2025-12-30 16:46:00,2025-12-30 19:20:00,B738,Boeing,737-800,PASSENGER,No,Delta Air Lines
D-AIZC,D-AIZC,Heustreu,LSZH,EDDM,140.0,91,1:31 h,2025-12-30 14:49:00,2025-12-30 16:21:00,A320,Airbus,A320,PASSENGER,No,Lufthansa
C-GWSA,C-GWSA,Zodroids,CYYC,KSEA,391.0,99,1:39 h,2025-12-30 13:45:00,2025-12-30 15:24:00,B738,Boeing,737-8CT,PASSENGER,No,WestJet
N539LC,N539LC,TATsim,KPHL,KTEB,79.0,52,0:52 h,2025-12-30 13:27:00,2025-12-30 14:19:00,C25C,Cessna,Citation CJ4,PASSENGER,Yes,
D-AILA,D-AILA,Frilex,EDDF,EDDC,209.0,110,1:50 h,2025-12-30 13:05:00,2025-12-30 14:56:00,A319,Airbus,A319,PASSENGER,No,Lufthansa
D-AIZC,D-AIZC,Heustreu,EDDF,LSZH,153.0,67,1:07 h,2025-12-30 09:11:00,2025-12-30 10:18:00,A320,Airbus,A320,PASSENGER,No,Lufthansa
N505JB,N505JB,Jay6zero,KATL,KJFK,659.0,109,1:49 h,2025-12-30 07:31:00,2025-12-30 09:21:00,A320,Airbus,A320,PASSENGER,No,Jetblue
EC-MXV,EC-MXV,semartinezmo,SKBO,LEMD,4336.0,565,9:25 h,2025-12-30 06:50:00,2025-12-30 16:15:00,A359,Airbus,A350-941,PASSENGER,No,Iberia
N578UW,N578UW,Jay6zero,KPHL,KLGA,82.0,40,0:40 h,2025-12-30 05:39:00,2025-12-30 06:19:00,A321,Airbus,321-231,PASSENGER,No,American Airlines
N505JB,N505JB,Pandonaut,KCLT,KATL,196.0,75,1:15 h,2025-12-30 04:01:00,2025-12-30 05:16:00,A320,Airbus,A320,PASSENGER,No,Jetblue
N8544Z,N8544Z,semartinezmo,KLGA,KMDW,628.0,155,2:35 h,2025-12-30 03:59:00,2025-12-30 06:35:00,B738,Boeing,737-800,PASSENGER,No,Southwest Airlines
PK-GMR,PK-GMR,Zodroids,WARR,WATO,427.0,99,1:39 h,2025-12-30 03:44:00,2025-12-30 05:24:00,B738,Boeing,737-8U3,PASSENGER,No,Garuda Indonesia
N2MK,N2MK,V1RotateAP,KCMH,KORD,256.0,89,1:29 h,2025-12-30 03:16:00,2025-12-30 04:45:00,P180,Piaggio,P-180 Avanti,PASSENGER,Yes,
N920NK,N920NK,Jaraffe,KATL,KBNA,185.0,70,1:10 h,2025-12-30 02:37:00,2025-12-30 03:48:00,A320,Airbus,A320,PASSENGER,No,Spirit Airlines
N301NB,N301NB,PilotDeviation,KATL,KEYW,562.0,127,2:07 h,2025-12-30 02:28:00,2025-12-30 04:35:00,A319,Airbus,A319,PASSENGER,No,Delta Air Lines
N8544Z,N8544Z,semartinezmo,KBNA,KLGA,662.0,147,2:27 h,2025-12-30 00:43:00,2025-12-30 03:10:00,B738,Boeing,737-800,PASSENGER,No,Southwest Airlines
N920NK,N920NK,Pandonaut,KEYW,KATL,562.0,104,1:44 h,2025-12-29 23:02:00,2025-12-30 00:46:00,A320,Airbus,A320,PASSENGER,No,Spirit Airlines
N77ZE,N77ZE,alchemydc,KOXB,KRIC,114.0,82,1:22 h,2025-12-29 22:19:00,2025-12-29 23:41:00,PC12,Pilatus,PC-12/45,PASSENGER,Yes,
N209UA,N209UA,alphagolfcharlie,KORD,KEWR,623.0,111,1:51 h,2025-12-29 22:17:00,2025-12-30 00:09:00,B772,Boeing,777-200,PASSENGER,No,United Airlines
N8544Z,N8544Z,semartinezmo,KMKE,KBNA,413.0,131,2:11 h,2025-12-29 22:15:00,2025-12-30 00:26:00,B738,Boeing,737-800,PASSENGER,No,Southwest Airlines
OE-LBN,OE-LBN,Frilex,LOWW,EKCH,473.0,118,1:58 h,2025-12-29 20:19:00,2025-12-29 22:17:00,A320,Airbus,A320-214,PASSENGER,No,Austrian
N8544Z,N8544Z,semartinezmo,KLAS,KMKE,1321.0,251,4:11 h,2025-12-29 17:37:00,2025-12-29 21:48:00,B738,Boeing,737-800,PASSENGER,No,Southwest Airlines
N8544Z,N8544Z,semartinezmo,KBOI,KLAS,452.0,108,1:48 h,2025-12-29 15:30:00,2025-12-29 17:19:00,B738,Boeing,737-800,PASSENGER,No,Southwest Airlines
PK-GMR,PK-GMR,Zodroids,WIII,WARR,373.0,77,1:17 h,2025-12-29 14:59:00,2025-12-29 16:17:00,B738,Boeing,737-8U3,PASSENGER,No,Garuda Indonesia
N817EM,N817EM,jimmy_carrot,EIDL,EGBB,280.0,63,1:03 h,2025-12-29 13:00:00,2025-12-29 14:04:00,LJ35,Learjet,35A,PASSENGER,Yes,
N706JB,N706JB,PilotDeviation,KBOS,KJFK,162.0,80,1:20 h,2025-12-29 12:45:00,2025-12-29 14:06:00,A320,Airbus,A320-232,PASSENGER,No,Jetblue
G-HMGG,G-HMGG,TATsim,EGPK,EGMD,337.0,354,5:54 h,2025-12-29 10:51:00,2025-12-29 16:45:00,B350,Beechcraft,300 King Air,MILITARY,No,HM Coastguard
D-AIXJ,D-AIXJ,Heustreu,EDDF,EDDM,162.0,97,1:37 h,2025-12-29 10:01:00,2025-12-29 11:38:00,A359,Airbus,A350-900,PASSENGER,No,Lufthansa
N817EM,N817EM,jimmy_carrot,CYYT,EIDL,1693.0,273,4:33 h,2025-12-29 08:20:00,2025-12-29 12:54:00,LJ35,Learjet,35A,PASSENGER,Yes,
N505JB,N505JB,Jay6zero,KLGA,KCLT,472.0,105,1:45 h,2025-12-29 06:53:00,2025-12-29 08:38:00,A320,Airbus,A320,PASSENGER,No,Jetblue
N817EM,N817EM,jimmy_carrot,KBOS,CYYT,834.0,141,2:21 h,2025-12-29 05:52:00,2025-12-29 08:13:00,LJ35,Learjet,35A,PASSENGER,Yes,
N281NV,N281NV,Jaraffe,KMGY,KROA,241.0,59,0:59 h,2025-12-29 05:50:00,2025-12-29 06:50:00,A320,Airbus,A320-214,PASSENGER,No,Allegiant Air
N8544Z,N8544Z,semartinezmo,KLAS,KBOI,452.0,133,2:13 h,2025-12-29 03:03:00,2025-12-29 05:16:00,B738,Boeing,737-800,PASSENGER,No,Southwest Airlines
N236FR,N236FR,Pandonaut,KCLE,KMSP,539.0,126,2:06 h,2025-12-29 01:25:00,2025-12-29 03:31:00,A320,Airbus,A320-214,PASSENGER,No,Frontier Airlines
A7-ALB,A7-ALB,semartinezmo,OTHH,HECA,1111.0,284,4:44 h,2025-12-28 21:50:00,2025-12-29 02:35:00,A359,Airbus,A350-900,PASSENGER,No,Qatar Airways
ZK-NHF,ZK-NHF,Negative,NIUE,NZAA,1343.0,218,3:38 h,2025-12-28 20:40:00,2025-12-29 00:18:00,A20N,Airbus,A320-271N,PASSENGER,No,Air New Zealand
N817EM,N817EM,jimmy_carrot,KFXE,KBOS,1070.0,206,3:26 h,2025-12-28 19:25:00,2025-12-28 22:51:00,LJ35,Learjet,35A,PASSENGER,Yes,
N475UA,N475UA,Phil,KSFO,KDEN,838.0,139,2:19 h,2025-12-28 19:02:00,2025-12-28 21:22:00,A320,Airbus,A320-232,PASSENGER,No,United Airlines
N915DU,N915DU,KDTW_Al,KATL,KFLL,505.0,102,1:42 h,2025-12-28 18:16:00,2025-12-28 19:59:00,B739,Boeing,737-900,PASSENGER,No,Delta Air Lines
D-AIZD,D-AIZD,Heustreu,EDDF,EGPH,557.0,133,2:13 h,2025-12-28 18:03:00,2025-12-28 20:16:00,A320,Airbus,A320,PASSENGER,No,Lufthansa
N219YX,N219YX,mjbeck123,KPIT,KDTW,174.0,60,1:00 h,2025-12-28 17:18:00,2025-12-28 18:18:00,E75L,Embraer,ERJ-175LR,PASSENGER,No,Delta Air Lines
ZK-NHF,ZK-NHF,Negative,NZAA,NIUE,1343.0,205,3:25 h,2025-12-28 16:56:00,2025-12-28 20:21:00,A20N,Airbus,A320-271N,PASSENGER,No,Air New Zealand
D-ALFJ,D-ALFJ,alphagolfcharlie,ZUUU,ZSPD,920.0,177,2:57 h,2025-12-28 15:14:00,2025-12-28 18:11:00,B77L,Boeing,777-FBT,FREIGHTER,No,Lufthansa Cargo
OO-SNB,OO-SNB,1293211,EIDW,EGBB,173.0,61,1:01 h,2025-12-28 13:42:00,2025-12-28 14:43:00,A320,Airbus,A320,PASSENGER,No,Brussels Airlines
N505JB,N505JB,1293211,KBOS,KLGA,160.0,69,1:09 h,2025-12-28 12:11:00,2025-12-28 13:20:00,A320,Airbus,A320,PASSENGER,No,Jetblue
N505JB,N505JB,Jay6zero,KJFK,KBOS,162.0,62,1:02 h,2025-12-28 06:50:00,2025-12-28 07:53:00,A320,Airbus,A320,PASSENGER,No,Jetblue
N506JB,N506JB,Pandonaut,KBOS,KJFK,162.0,69,1:09 h,2025-12-28 06:18:00,2025-12-28 07:28:00,A320,Airbus,A320,PASSENGER,No,Jetblue
N505JB,N505JB,Jaraffe,KBOS,KJFK,162.0,68,1:08 h,2025-12-28 03:09:00,2025-12-28 04:17:00,A320,Airbus,A320,PASSENGER,No,Jetblue
N880FD,N880FD,lebrun,KMEM,KJFK,836.0,138,2:18 h,2025-12-28 02:51:00,2025-12-28 05:09:00,B77L,Boeing,777-200F,FREIGHTER,No,FedEx
OH-LZE,OH-LZE,Tebro,EFHK,EFRO,375.0,95,1:35 h,2025-12-27 18:48:00,2025-12-27 20:23:00,A321,Airbus,A321,PASSENGER,No,Finnair
D-AGWB,D-AGWB,Frilex,EDDL,EDDG,61.0,74,1:14 h,2025-12-27 18:01:00,2025-12-27 19:15:00,A319,Airbus,A319,PASSENGER,No,Eurowings
N505JB,N505JB,Jay6zero,KLGA,KBOS,160.0,57,0:57 h,2025-12-27 05:53:00,2025-12-27 06:50:00,A320,Airbus,A320,PASSENGER,No,Jetblue
N374DA,N374DA,KDTW_Al,KATL,KJFK,659.0,126,2:06 h,2025-12-27 00:16:00,2025-12-27 02:22:00,B738,Boeing,737-800,PASSENGER,No,Delta Air Lines
N504JB,N504JB,Frilex,KTPA,KLGA,879.0,171,2:51 h,2025-12-26 20:55:00,2025-12-26 23:46:00,A320,Airbus,A320,PASSENGER,No,Jetblue
N375GR,N375GR,V1RotateAP,KPTK,KJFK,449.0,86,1:26 h,2025-12-26 16:19:00,2025-12-26 17:45:00,C25C,Cessna,525C CitationJet CJ4,PASSENGER,Yes,
N802NW,N802NW,AndyV,KATL,SPJC,2829.0,416,6:56 h,2025-12-26 16:18:00,2025-12-26 23:14:00,A333,Airbus,A330-323,PASSENGER,No,Delta Air Lines
VH-ZNF,VH-ZNF,Negative,NZAA,KJFK,7675.0,935,15:35 h,2025-12-26 13:08:00,2025-12-27 04:43:00,B789,Boeing,787-9 Dreamliner,PASSENGER,No,Qantas
VH-ZNF,VH-ZNF,Negative,YSSY,NZAA,1166.0,141,2:21 h,2025-12-26 08:30:00,2025-12-26 10:52:00,B789,Boeing,787-9 Dreamliner,PASSENGER,No,Qantas
VH-ZNF,VH-ZNF,Negative,YPPH,YSSY,1769.0,235,3:55 h,2025-12-26 03:37:00,2025-12-26 07:32:00,B789,Boeing,787-9 Dreamliner,PASSENGER,No,Qantas
N302DN,N302DN,Jay6zero,KJFK,MDST,1285.0,210,3:30 h,2025-12-26 01:57:00,2025-12-26 05:28:00,A321,Airbus,A321,PASSENGER,No,Delta Air Lines
N505JB,N505JB,Jay6zero,KPHL,KLGA,82.0,39,0:39 h,2025-12-26 00:31:00,2025-12-26 01:11:00,A320,Airbus,A320,PASSENGER,No,Jetblue
N504JB,N504JB,Frilex,KBOS,KTPA,1030.0,211,3:31 h,2025-12-25 18:34:00,2025-12-25 22:05:00,A320,Airbus,A320,PASSENGER,No,Jetblue
N302DN,N302DN,Jay6zero,KCLT,KJFK,470.0,96,1:36 h,2025-12-25 16:56:00,2025-12-25 18:32:00,A321,Airbus,A321,PASSENGER,No,Delta Air Lines
VH-ZNF,VH-ZNF,Negative,YMML,YPPH,1458.0,240,4:00 h,2025-12-25 15:50:00,2025-12-25 19:50:00,B789,Boeing,787-9 Dreamliner,PASSENGER,No,Qantas
D-ALFJ,D-ALFJ,alphagolfcharlie,EDDF,ZUUU,4218.0,630,10:30 h,2025-12-25 15:12:00,2025-12-26 01:43:00,B77L,Boeing,777-FBT,FREIGHTER,No,Lufthansa Cargo
C-GPWG,C-GPWG,Pandonaut,CYLW,CYVR,155.0,85,1:25 h,2025-12-25 07:20:00,2025-12-25 08:45:00,A320,Airbus,A320,PASSENGER,No,Air Canada
N321US,N321US,Phil,KJFK,KMSP,891.0,181,3:01 h,2025-12-25 00:28:00,2025-12-25 03:29:00,A320,Airbus,A320,PASSENGER,No,Delta Air Lines
C-FBJZ,C-FBJZ,Aaron1362041,CYYZ,KJFK,317.0,85,1:25 h,2025-12-24 21:02:00,2025-12-24 22:27:00,CRJ9,Bombardier,CRJ-900,PASSENGER,No,Air Canada
N321US,N321US,Phil,KMSP,KJFK,891.0,131,2:11 h,2025-12-24 20:37:00,2025-12-24 22:49:00,A320,Airbus,A320,PASSENGER,No,Delta Air Lines
N880FD,N880FD,mjbeck123,KMIA,KMEM,747.0,140,2:20 h,2025-12-24 18:59:00,2025-12-24 21:19:00,B77L,Boeing,777-200F,FREIGHTER,No,FedEx
C-GXZD,C-GXZD,Aaron1362041,CYYZ,KORD,378.0,141,2:21 h,2025-12-24 18:32:00,2025-12-24 20:53:00,A333,Airbus,A330-300,PASSENGER,No,Air Canada
9V-SWQ,9V-SWQ,alphagolfcharlie,WSSS,VABB,2117.0,304,5:04 h,2025-12-24 17:06:00,2025-12-24 22:10:00,B77W,Boeing,777-312ER,PASSENGER,No,Singapore Airlines
N317US,N317US,Pandonaut,KATL,SC00,135.0,45,0:45 h,2025-12-24 05:56:00,2025-12-24 06:41:00,A320,Airbus,A320,PASSENGER,No,Delta Air Lines
N951NK,N951NK,Jaraffe,KMYR,SC00,163.0,53,0:53 h,2025-12-24 05:43:00,2025-12-24 06:36:00,A320,Airbus,A320,PASSENGER,No,Spirit Airlines
N944NK,N944NK,Pandonaut,KFLL,KMCO,154.0,63,1:03 h,2025-12-24 03:49:00,2025-12-24 04:53:00,A20N,Airbus,A320neo,PASSENGER,No,Spirit Airlines
N959NN,N959NN,Jay6zero,KMIA,KCLT,566.0,129,2:09 h,2025-12-24 03:45:00,2025-12-24 05:54:00,B738,Boeing,737-800,PASSENGER,No,American Airlines
C-GPWG,C-GPWG,1596814,CYVR,CYLW,155.0,70,1:10 h,2025-12-24 03:00:00,2025-12-24 04:10:00,A320,Airbus,A320,PASSENGER,No,Air Canada
D-AIAC,D-AIAC,semartinezmo,EDDF,LHBP,451.0,123,2:03 h,2025-12-24 02:45:00,2025-12-24 04:48:00,A321,Airbus,A321-200,PASSENGER,No,Condor
N844FD,N844FD,Jay6zero,KEWR,KMIA,945.0,159,2:39 h,2025-12-23 22:34:00,2025-12-24 01:13:00,B77L,Boeing,777-200F,FREIGHTER,No,FedEx
N504JB,N504JB,semartinezmo,KMCO,KBOS,975.0,233,3:53 h,2025-12-23 22:11:00,2025-12-24 02:04:00,A320,Airbus,A320,PASSENGER,No,Jetblue
N302DN,N302DN,Jay6zero,KJFK,KCLT,470.0,113,1:53 h,2025-12-23 19:38:00,2025-12-23 21:31:00,A321,Airbus,A321,PASSENGER,No,Delta Air Lines
EI-ENW,EI-ENW,semartinezmo,GMTT,GMMD,200.0,86,1:26 h,2025-12-23 17:09:00,2025-12-23 18:36:00,B738,Boeing,737-800,PASSENGER,No,Ryanair
N844FD,N844FD,alphagolfcharlie,PANC,KEWR,2920.0,381,6:21 h,2025-12-23 15:57:00,2025-12-23 22:19:00,B77L,Boeing,777-200F,FREIGHTER,No,FedEx
N504JB,N504JB,1562477,KDCA,KMCO,660.0,133,2:13 h,2025-12-23 13:59:00,2025-12-23 16:12:00,A320,Airbus,A320,PASSENGER,No,Jetblue
D-ALFE,D-ALFE,bradfier,EINN,BGGH,1471.0,256,4:16 h,2025-12-23 08:05:00,2025-12-23 12:22:00,B77L,Boeing,777-FBT,FREIGHTER,No,Lufthansa Cargo
N302DN,N302DN,Jay6zero,KBOS,KJFK,162.0,63,1:03 h,2025-12-23 06:23:00,2025-12-23 07:27:00,A321,Airbus,A321,PASSENGER,No,Delta Air Lines
N218NV,N218NV,Jaraffe,KJQF,GE99,137.0,55,0:55 h,2025-12-23 05:40:00,2025-12-23 06:36:00,A320,Airbus,A320-214,PASSENGER,No,Allegiant Air
EC-MXV,EC-MXV,semartinezmo,LEMD,SKBO,4336.0,683,11:23 h,2025-12-23 04:59:00,2025-12-23 16:23:00,A359,Airbus,A350-941,PASSENGER,No,Iberia
N8910B,N8910B,V1RotateAP,KTPA,22FA,42.0,50,0:50 h,2025-12-23 03:16:00,2025-12-23 04:06:00,C172,Cessna,172 Skyhawk,PASSENGER,Yes,
N77ZE,N77ZE,alchemydc,KANP,KOXB,77.0,49,0:49 h,2025-12-23 02:51:00,2025-12-23 03:41:00,PC12,Pilatus,PC-12/45,PASSENGER,Yes,
EI-ENW,EI-ENW,semartinezmo,EGBB,GMTT,1019.0,220,3:40 h,2025-12-23 01:16:00,2025-12-23 04:56:00,B738,Boeing,737-800,PASSENGER,No,Ryanair
N374DA,N374DA,KDTW_Al,KBOS,KATL,821.0,165,2:45 h,2025-12-22 23:50:00,2025-12-23 02:35:00,B738,Boeing,737-800,PASSENGER,No,Delta Air Lines
VH-VXJ,VH-VXJ,Identified300,YMML,NZQN,1158.0,180,3:00 h,2025-12-22 23:01:00,2025-12-23 02:01:00,B738,Boeing,737-800,PASSENGER,No,Qantas
EI-ENW,EI-ENW,semartinezmo,EKCH,EGBB,541.0,149,2:29 h,2025-12-22 22:39:00,2025-12-23 01:08:00,B738,Boeing,737-800,PASSENGER,No,Ryanair
N218NV,N218NV,1462381,KCLT,KJQF,15.0,54,0:54 h,2025-12-22 20:20:00,2025-12-22 21:15:00,A320,Airbus,A320-214,PASSENGER,No,Allegiant Air
N129K,N129K,V1RotateAP,K9S4,KMSO,34.0,26,0:26 h,2025-12-22 20:16:00,2025-12-22 20:42:00,C172,Cessna,172 Skyhawk,PASSENGER,Yes,
N129K,N129K,V1RotateAP,ID33,K9S4,43.0,26,0:26 h,2025-12-22 19:48:00,2025-12-22 20:15:00,C172,Cessna,172 Skyhawk,PASSENGER,Yes,
OH-LWA,OH-LWA,alphagolfcharlie,KJFK,EFHK,3567.0,458,7:38 h,2025-12-22 18:40:00,2025-12-23 02:18:00,A359,Airbus,A350-900,PASSENGER,No,Finnair
C-GPWG,C-GPWG,1596814,CYPR,CYVR,407.0,92,1:32 h,2025-12-22 17:58:00,2025-12-22 19:30:00,A320,Airbus,A320,PASSENGER,No,Air Canada
N804SN,N804SN,cautionwake,KPGD,KSWF,958.0,207,3:27 h,2025-12-22 15:27:00,2025-12-22 18:54:00,MD11,McDonnell Douglas,MD-11F,FREIGHTER,No,Western Global Airlines
D-ALFE,D-ALFE,bradfier,EDDF,EINN,672.0,129,2:09 h,2025-12-22 12:48:00,2025-12-22 14:57:00,B77L,Boeing,777-FBT,FREIGHTER,No,Lufthansa Cargo
G-EUYY,G-EUYY,mrb13676,EGLL,EGCC,131.0,58,0:58 h,2025-12-22 06:22:00,2025-12-22 07:20:00,A320,Airbus,A320,PASSENGER,No,British Airways
N920NK,N920NK,Jaraffe,KMCO,KEYW,233.0,70,1:10 h,2025-12-22 01:08:00,2025-12-22 02:19:00,A320,Airbus,A320,PASSENGER,No,Spirit Airlines
G-BHAA,G-BHAA,TATsim,EGCV,EGBS,35.0,37,0:37 h,2025-12-22 00:54:00,2025-12-22 01:32:00,C152,Cessna,152,PASSENGER,Yes,
N321US,N321US,Phil,KATL,KMSP,788.0,162,2:42 h,2025-12-22 00:02:00,2025-12-22 02:44:00,A320,Airbus,A320,PASSENGER,No,Delta Air Lines
N161UW,N161UW,alphagolfcharlie,KDCA,KMIA,801.0,187,3:07 h,2025-12-21 22:54:00,2025-12-22 02:01:00,A321,Airbus,A321,PASSENGER,No,American Airlines
N959NN,N959NN,Identified300,KDCA,KMIA,801.0,210,3:30 h,2025-12-21 22:42:00,2025-12-22 02:12:00,B738,Boeing,737-800,PASSENGER,No,American Airlines
N129K,N129K,V1RotateAP,ID29,ID33,15.0,12,0:12 h,2025-12-21 22:30:00,2025-12-21 22:42:00,C172,Cessna,172 Skyhawk,PASSENGER,Yes,
N161UW,N161UW,alphagolfcharlie,KORD,KDCA,530.0,95,1:35 h,2025-12-21 21:14:00,2025-12-21 22:49:00,A321,Airbus,A321,PASSENGER,No,American Airlines
OO-SNC,OO-SNC,Exatomos,EBBR,LSGG,287.0,95,1:35 h,2025-12-21 19:09:00,2025-12-21 20:44:00,A320,Airbus,A320,PASSENGER,No,Brussels Airlines
N505JB,N505JB,Identified300,KDTW,KPHL,393.0,90,1:30 h,2025-12-21 18:18:00,2025-12-21 19:48:00,A320,Airbus,A320,PASSENGER,No,Jetblue
OO-SSJ,OO-SSJ,Frilex,EBBR,LOWW,499.0,128,2:08 h,2025-12-21 17:21:00,2025-12-21 19:30:00,A319,Airbus,A319,PASSENGER,No,Brussels Airlines
N236FR,N236FR,dart,KDEN,KCLE,1041.0,150,2:30 h,2025-12-21 16:21:00,2025-12-21 18:52:00,A320,Airbus,A320-214,PASSENGER,No,Frontier Airlines
N844FD,N844FD,Skirata,KMEM,PANC,2734.0,434,7:14 h,2025-12-21 16:02:00,2025-12-21 23:16:00,B77L,Boeing,777-200F,FREIGHTER,No,FedEx
N717UW,N717UW,Identified300,KLGA,CYYZ,309.0,66,1:06 h,2025-12-21 15:35:00,2025-12-21 16:42:00,A319,Airbus,A319,PASSENGER,No,American Airlines
N77ZE,N77ZE,alchemydc,KLYH,KANP,157.0,74,1:14 h,2025-12-21 15:30:00,2025-12-21 16:45:00,PC12,Pilatus,PC-12/45,PASSENGER,Yes,
F-GKXC,F-GKXC,1293211,LIMP,LFMT,282.0,77,1:17 h,2025-12-21 14:36:00,2025-12-21 15:53:00,A320,Airbus,A320,PASSENGER,No,Air France
N161UW,N161UW,alphagolfcharlie,KLAX,KORD,1513.0,234,3:54 h,2025-12-21 13:58:00,2025-12-21 17:52:00,A321,Airbus,A321,PASSENGER,No,American Airlines
F-GKXC,F-GKXC,1293211,LIPQ,LIMP,146.0,61,1:01 h,2025-12-21 13:24:00,2025-12-21 14:26:00,A320,Airbus,A320,PASSENGER,No,Air France
F-GKXC,F-GKXC,1293211,LHBP,LIPQ,257.0,70,1:10 h,2025-12-21 12:04:00,2025-12-21 13:14:00,A320,Airbus,A320,PASSENGER,No,Air France
PH-RAC,PH-RAC,Hooibaal,EHMZ,EHRD,37.0,24,0:24 h,2025-12-21 10:59:00,2025-12-21 11:24:00,DA40,Diamond,DA40 Diamond Star,PASSENGER,Yes,
N77ZE,N77ZE,sesim,KMQI,KLYH,188.0,101,1:41 h,2025-12-21 02:22:00,2025-12-21 04:03:00,PC12,Pilatus,PC-12/45,PASSENGER,Yes,
C-GPWG,C-GPWG,1596814,CYXY,CYPR,413.0,86,1:26 h,2025-12-21 00:08:00,2025-12-21 01:35:00,A320,Airbus,A320,PASSENGER,No,Air Canada
N129K,N129K,V1RotateAP,KS68,ID29,17.0,17,0:17 h,2025-12-20 22:24:00,2025-12-20 22:42:00,C172,Cessna,172 Skyhawk,PASSENGER,Yes,
N129K,N129K,V1RotateAP,KLWS,KS68,31.0,25,0:25 h,2025-12-20 21:49:00,2025-12-20 22:14:00,C172,Cessna,172 Skyhawk,PASSENGER,Yes,
N77ZE,N77ZE,alchemydc,TXKF,KMQI,587.0,202,3:22 h,2025-12-20 20:30:00,2025-12-20 23:52:00,PC12,Pilatus,PC-12/45,PASSENGER,Yes,
C-FITU,C-FITU,Aaron1362041,CYYZ,PHNL,4033.0,664,11:04 h,2025-12-20 19:49:00,2025-12-21 06:54:00,B77W,Boeing,777-300ER,PASSENGER,No,Air Canada
D-FBWG,D-FBWG,Dhruv,LIPB,LSZH,128.0,78,1:18 h,2025-12-20 18:48:00,2025-12-20 20:06:00,PC12,Pilatus,PC-12/47E NGX,PASSENGER,Yes,
PH-BXA,PH-BXA,Identified300,EHAM,EIDW,405.0,106,1:46 h,2025-12-20 18:33:00,2025-12-20 20:19:00,B737,Boeing,737-700,PASSENGER,No,KLM
N505JB,N505JB,alphagolfcharlie,KJFK,KDTW,440.0,100,1:40 h,2025-12-20 16:11:00,2025-12-20 17:51:00,A320,Airbus,A320,PASSENGER,No,Jetblue
OO-SNB,OO-SNB,1293211,EBBR,EIDW,423.0,105,1:45 h,2025-12-20 15:07:00,2025-12-20 16:53:00,A320,Airbus,A320,PASSENGER,No,Brussels Airlines
F-GKXC,F-GKXC,1293211,LFPG,LHBP,673.0,143,2:23 h,2025-12-20 12:13:00,2025-12-20 14:36:00,A320,Airbus,A320,PASSENGER,No,Air France
N8242J,N8242J,Jaraffe,KPWK,KOSH,115.0,66,1:06 h,2025-12-20 03:41:00,2025-12-20 04:48:00,BE36,Beechcraft,Bonanza 36A,PASSENGER,Yes,
N959NN,N959NN,1740025,KBOS,KDCA,346.0,131,2:11 h,2025-12-20 02:21:00,2025-12-20 04:32:00,B738,Boeing,737-800,PASSENGER,No,American Airlines
VH-UYB,VH-UYB,alexaeglir,YSCB,YMHB,458.0,114,1:54 h,2025-12-19 21:17:00,2025-12-19 23:11:00,E190,Embraer,ERJ-190-100IGW,PASSENGER,No,QantasLink
C-GPWG,C-GPWG,1596814,CYLW,CYXY,812.0,163,2:43 h,2025-12-19 18:40:00,2025-12-19 21:23:00,A320,Airbus,A320,PASSENGER,No,Air Canada
N209UA,N209UA,Aaron1362041,KLAX,KORD,1513.0,230,3:50 h,2025-12-19 17:52:00,2025-12-19 21:42:00,B772,Boeing,777-200,PASSENGER,No,United Airlines
N129K,N129K,V1RotateAP,KALW,KLWS,55.0,61,1:01 h,2025-12-19 16:32:00,2025-12-19 17:34:00,C172,Cessna,172 Skyhawk,PASSENGER,Yes,
C-GPWG,C-GPWG,1596814,CYYJ,CYLW,176.0,56,0:56 h,2025-12-19 15:50:00,2025-12-19 16:46:00,A320,Airbus,A320,PASSENGER,No,Air Canada
EI-ENW,EI-ENW,Identified300,EIDW,EKCH,670.0,133,2:13 h,2025-12-19 14:06:00,2025-12-19 16:20:00,B738,Boeing,737-800,PASSENGER,No,Ryanair
G-EUUB,G-EUUB,1548492,EGLL,EDDL,272.0,122,2:02 h,2025-12-19 13:57:00,2025-12-19 15:59:00,A320,Airbus,A320,PASSENGER,No,British Airways
G-EUYY,G-EUYY,alphagolfcharlie,LGAV,EGLL,1310.0,236,3:56 h,2025-12-19 12:09:00,2025-12-19 16:05:00,A320,Airbus,A320,PASSENGER,No,British Airways
G-EUYX,G-EUYX,1512948,EGLL,EGPF,299.0,80,1:20 h,2025-12-19 11:40:00,2025-12-19 13:00:00,A320,Airbus,A320,PASSENGER,No,British Airways
N667NK,N667NK,Jaraffe,KLAX,KPSP,94.0,55,0:55 h,2025-12-19 06:04:00,2025-12-19 06:59:00,A321,Airbus,A321,PASSENGER,No,Spirit Airlines
G-EUUX,G-EUUX,Fpaal,EGLL,LEBL,619.0,131,2:11 h,2025-12-19 04:51:00,2025-12-19 07:02:00,A320,Airbus,A320,PASSENGER,No,British Airways
N281NV,N281NV,Jaraffe,KFNT,KMGY,203.0,61,1:01 h,2025-12-19 03:41:00,2025-12-19 04:43:00,A320,Airbus,A320-214,PASSENGER,No,Allegiant Air
N880FD,N880FD,lebrun,KMEM,KMIA,747.0,120,2:00 h,2025-12-19 03:29:00,2025-12-19 05:30:00,B77L,Boeing,777-200F,FREIGHTER,No,FedEx
N927DZ,N927DZ,KDTW_Al,KHOU,KCMH,869.0,141,2:21 h,2025-12-19 00:17:00,2025-12-19 02:38:00,B739,Boeing,737-900,PASSENGER,No,Delta Air Lines
D-AKNT,D-AKNT,Frilex,EDDL,EDDH,183.0,70,1:10 h,2025-12-19 00:16:00,2025-12-19 01:26:00,A319,Airbus,A319,PASSENGER,No,Eurowings
G-EUUA,G-EUUA,1548492,EGLL,EGPH,288.0,103,1:43 h,2025-12-18 21:52:00,2025-12-18 23:35:00,A320,Airbus,A320,PASSENGER,No,British Airways
N104TQ,N104TQ,ItchyEye,KSJC,KSJC,0.0,14,0:14 h,2025-12-18 21:21:00,2025-12-18 21:35:00,SR22,Cirrus,SR22,PASSENGER,Yes,
N129K,N129K,V1RotateAP,KOLM,KALW,197.0,111,1:51 h,2025-12-18 20:48:00,2025-12-18 22:39:00,C172,Cessna,172 Skyhawk,PASSENGER,Yes,
VH-UYB,VH-UYB,alexaeglir,YSSY,YSCB,127.0,65,1:05 h,2025-12-18 20:10:00,2025-12-18 21:15:00,E190,Embraer,ERJ-190-100IGW,PASSENGER,No,QantasLink
N129K,N129K,V1RotateAP,KPAE,KOLM,61.0,60,1:00 h,2025-12-18 19:15:00,2025-12-18 20:16:00,C172,Cessna,172 Skyhawk,PASSENGER,Yes,
C-GPWG,C-GPWG,1596814,CYYZ,CYYJ,1819.0,334,5:34 h,2025-12-18 18:58:00,2025-12-19 00:32:00,A320,Airbus,A320,PASSENGER,No,Air Canada
D-AIXA,,Aaron1362041,EDDF,CYYZ,3424.0,522,8:42 h,2025-12-18 18:28:00,2025-12-19 03:11:00,,,,,No,
N293UP,N293UP,edd,KDFW,KSDF,635.0,114,1:54 h,2025-12-18 13:28:00,2025-12-18 15:22:00,MD11,McDonnell Douglas,MD-11F,FREIGHTER,No,UPS
PH-MPR,PH-MPR,Hooibaal,EHAM,EDDK,123.0,78,1:18 h,2025-12-18 13:21:00,2025-12-18 14:39:00,B744,Boeing,747-400F,FREIGHTER,No,Martinair
VH-VXA,VH-VXA,PaleFaceDie,YMML,YSSY,380.0,117,1:57 h,2025-12-18 07:29:00,2025-12-18 09:26:00,B738,Boeing,737-800,PASSENGER,No,Qantas
N880FD,N880FD,Fpaal,KMIA,KMEM,747.0,131,2:11 h,2025-12-18 04:25:00,2025-12-18 06:37:00,B77L,Boeing,777-200F,FREIGHTER,No,FedEx
N375GR,N375GR,Jaraffe,KGRR,KPTK,93.0,48,0:48 h,2025-12-18 03:40:00,2025-12-18 04:29:00,C25C,Cessna,525C CitationJet CJ4,PASSENGER,Yes,
N733BR,N733BR,1715941,KMZJ,MMPE,123.0,81,1:21 h,2025-12-17 21:01:00,2025-12-17 22:22:00,C172,Cessna,172 Skyhawk,PASSENGER,Yes,
N951NK,N951NK,carp,KFLL,KMYR,461.0,106,1:46 h,2025-12-17 19:31:00,2025-12-17 21:17:00,A320,Airbus,A320,PASSENGER,No,Spirit Airlines
N63899,N63899,109Priority,KORD,KLAS,1313.0,230,3:50 h,2025-12-17 19:10:00,2025-12-17 23:00:00,B739,Boeing,737-900,PASSENGER,No,United Airlines
N8861Q,N8861Q,UnstableIRL,KDAL,KHRL,399.0,111,1:51 h,2025-12-17 19:06:00,2025-12-17 20:58:00,B38M,Boeing,737 MAX 8,PASSENGER,No,Southwest Airlines
N218NV,N218NV,carp,KSRQ,KCLT,476.0,97,1:37 h,2025-12-17 17:48:00,2025-12-17 19:26:00,A320,Airbus,A320-214,PASSENGER,No,Allegiant Air
HB-IOM,HB-IOM,risson,LSZH,ESSA,802.0,164,2:44 h,2025-12-17 17:14:00,2025-12-17 19:58:00,A321,Airbus,A321-212,PASSENGER,No,Swiss
G-EUYY,G-EUYY,alphagolfcharlie,EGLL,LGAV,1320.0,245,4:05 h,2025-12-17 16:12:00,2025-12-17 20:17:00,A320,Airbus,A320,PASSENGER,No,British Airways
VQ-BEJ,VQ-BEJ,ArtySLX,UUEE,UWGG,213.0,61,1:01 h,2025-12-17 12:50:00,2025-12-17 13:51:00,A320,Airbus,A320,PASSENGER,No,Aeroflot
I-AMAA,I-AMAA,1715941,LIMB,EDJA,152.0,103,1:43 h,2025-12-17 08:02:00,2025-12-17 09:45:00,C172,Cessna,172M Skyhawk,PASSENGER,Yes,
VT-NAC,VT-NAC,steamexpress211,VIDP,VOBL,923.0,169,2:49 h,2025-12-17 07:21:00,2025-12-17 10:10:00,B788,Boeing,787-8 Dreamliner,PASSENGER,No,Air India
N8CA,N8CA,V1RotateAP,PHNL,PHOG,105.0,57,0:57 h,2025-12-17 03:07:00,2025-12-17 04:04:00,C208,Cessna,208B Grand Caravan,PASSENGER,Yes,
N504JB,N504JB,Jaraffe,KJFK,KDCA,182.0,80,1:20 h,2025-12-17 02:03:00,2025-12-17 03:23:00,A320,Airbus,A320,PASSENGER,No,Jetblue
PH-BVW,PH-BVW,jojoa,EHAM,EDDF,197.0,65,1:05 h,2025-12-17 00:12:00,2025-12-17 01:17:00,B77W,Boeing,777-300ER,PASSENGER,No,KLM
N943AT,N943AT,MattP,KATL,KCLT,196.0,90,1:30 h,2025-12-16 14:07:00,2025-12-16 15:37:00,B712,Boeing,717-2BD,PASSENGER,No,Delta Air Lines
C-FCTK,C-FCTK,Aaron1362041,CYYC,CYYZ,1452.0,214,3:34 h,2025-12-14 20:02:00,2025-12-14 23:36:00,B38M,Boeing,737 MAX 8,PASSENGER,No,WestJet
N506JB,N506JB,picajoluna,KDCA,KBOS,393.0,81,1:21 h,2025-12-14 17:35:00,2025-12-14 18:56:00,A320,Airbus,A320,PASSENGER,No,Jetblue
N77518,N77518,KDTW_Al,KEWR,KPTK,431.0,112,1:52 h,2025-12-13 18:09:00,2025-12-13 20:02:00,B738,Boeing,737-800,PASSENGER,No,United Airlines
N564AS,N564AS,KDTW_Al,KLAX,KELP,619.0,108,1:48 h,2025-12-09 00:13:00,2025-12-09 02:01:00,B738,Boeing,737-800,PASSENGER,No,Alaska Airlines
N209UA,N209UA,alphagolfcharlie,KORD,KLAX,1513.0,236,3:56 h,2025-12-06 14:58:00,2025-12-06 18:54:00,B772,Boeing,777-200,PASSENGER,No,United Airlines
N959NN,N959NN,KDTW_Al,KDTW,KBOS,548.0,101,1:41 h,2025-12-06 00:14:00,2025-12-06 01:55:00,B738,Boeing,737-800,PASSENGER,No,American Airlines
N209UA,N209UA,alphagolfcharlie,KDEN,KORD,769.0,123,2:03 h,2025-12-05 17:51:00,2025-12-05 19:54:00,B772,Boeing,777-200,PASSENGER,No,United Airlines
N8910B,N8910B,cautionwake,KLAL,KTPA,27.0,82,1:22 h,2025-12-04 23:19:00,2025-12-05 00:42:00,C172,Cessna,172 Skyhawk,PASSENGER,Yes,
N564AS,N564AS,KDTW_Al,KSAN,KLAX,94.0,49,0:49 h,2025-12-04 01:13:00,2025-12-04 02:03:00,B738,Boeing,737-800,PASSENGER,No,Alaska Airlines
N564AS,N564AS,KDTW_Al,KOAK,KSAN,387.0,82,1:22 h,2025-12-03 00:05:00,2025-12-03 01:28:00,B738,Boeing,737-800,PASSENGER,No,Alaska Airlines
N209UA,N209UA,alphagolfcharlie,KIAD,KDEN,1259.0,219,3:39 h,2025-12-01 17:32:00,2025-12-01 21:11:00,B772,Boeing,777-200,PASSENGER,No,United Airlines
N209UA,N209UA,alphagolfcharlie,KSFO,KIAD,2096.0,274,4:34 h,2025-11-30 13:07:00,2025-11-30 17:41:00,B772,Boeing,777-200,PASSENGER,No,United Airlines
N209UA,N209UA,alphagolfcharlie,KORD,KSFO,1600.0,273,4:33 h,2025-11-29 21:47:00,2025-11-30 02:20:00,B772,Boeing,777-200,PASSENGER,No,United Airlines
N959NN,N959NN,KDTW_Al,KDFW,KDTW,856.0,143,2:23 h,2025-11-29 00:22:00,2025-11-29 02:45:00,B738,Boeing,737-800,PASSENGER,No,American Airlines
N374DA,N374DA,mjbeck123,KPBI,KBOS,1041.0,181,3:01 h,2025-11-28 19:05:00,2025-11-28 22:06:00,B738,Boeing,737-800,PASSENGER,No,Delta Air Lines
N302DN,N302DN,alphagolfcharlie,KPBI,KBOS,1041.0,193,3:13 h,2025-11-28 18:51:00,2025-11-28 22:04:00,A321,Airbus,A321,PASSENGER,No,Delta Air Lines
N302DN,N302DN,alphagolfcharlie,KATL,KPBI,474.0,92,1:32 h,2025-11-28 17:05:00,2025-11-28 18:38:00,A321,Airbus,A321,PASSENGER,No,Delta Air Lines
N980NN,N980NN,KDTW_Al,KLAX,KDEN,747.0,135,2:15 h,2025-11-26 00:12:00,2025-11-26 02:27:00,B738,Boeing,737-800,PASSENGER,No,American Airlines
N305DN,N305DN,KDTW_Al,KATL,KIND,375.0,83,1:23 h,2025-11-25 00:37:00,2025-11-25 02:00:00,A321,Airbus,A321,PASSENGER,No,Delta Air Lines
N506JB,N506JB,PilotDeviation,KBOS,KDCA,346.0,110,1:50 h,2025-11-23 18:14:00,2025-11-23 20:04:00,A320,Airbus,A320,PASSENGER,No,Jetblue
N559AS,N559AS,KDTW_Al,KABQ,KSLC,428.0,89,1:29 h,2025-11-22 00:23:00,2025-11-22 01:53:00,B738,Boeing,737-800,PASSENGER,No,Alaska Airlines
N76288,N76288,KDTW_Al,KDTW,KIAD,332.0,80,1:20 h,2025-11-21 19:16:00,2025-11-21 20:36:00,B738,Boeing,737-800,PASSENGER,No,United Airlines
N721FD,N721FD,PilotDeviation,KDTW,KEWR,423.0,78,1:18 h,2025-11-21 18:52:00,2025-11-21 20:10:00,A306,Airbus,A300-600F,FREIGHTER,No,FedEx
N708AL,N708AL,KDTW_Al,KSEA,KSLC,598.0,0,0:00 h,2025-11-19 05:56:00,2025-11-06 01:47:00,B39M,Boeing,737 MAX 9,PASSENGER,No,Alaska Airlines
N371DA,N371DA,KDTW_Al,KMEM,KMSP,609.0,125,2:05 h,2025-11-18 00:06:00,2025-11-18 02:11:00,B738,Boeing,737-800,PASSENGER,No,Delta Air Lines
N844FD,N844FD,alphagolfcharlie,KEWR,KMEM,820.0,165,2:45 h,2025-11-15 17:25:00,2025-11-15 20:10:00,B77L,Boeing,777-200F,FREIGHTER,No,FedEx
N844FD,N844FD,alphagolfcharlie,KIND,KEWR,558.0,112,1:52 h,2025-11-15 14:56:00,2025-11-15 16:49:00,B77L,Boeing,777-200F,FREIGHTER,No,FedEx
N880FD,N880FD,mjbeck123,KMEM,KMIA,747.0,123,2:03 h,2025-11-14 15:57:00,2025-11-14 18:00:00,B77L,Boeing,777-200F,FREIGHTER,No,FedEx
N559AS,N559AS,KDTW_Al,KSAN,KABQ,544.0,99,1:39 h,2025-11-13 23:55:00,2025-11-14 01:34:00,B738,Boeing,737-800,PASSENGER,No,Alaska Airlines
N293UP,N293UP,PilotDeviation,KSDF,KDFW,635.0,125,2:05 h,2025-11-13 14:54:00,2025-11-13 17:00:00,MD11,McDonnell Douglas,MD-11F,FREIGHTER,No,UPS
N927DZ,N927DZ,KDTW_Al,KATL,KHOU,603.0,123,2:03 h,2025-11-12 01:03:00,2025-11-12 03:06:00,B739,Boeing,737-900,PASSENGER,No,Delta Air Lines
N564AS,N564AS,KDTW_Al,KSEA,KOAK,584.0,123,2:03 h,2025-11-10 00:29:00,2025-11-10 02:32:00,B738,Boeing,737-800,PASSENGER,No,Alaska Airlines
N880FD,N880FD,mjbeck123,MROC,KMEM,1536.0,244,4:04 h,2025-11-08 13:54:00,2025-11-08 17:58:00,B77L,Boeing,777-200F,FREIGHTER,No,FedEx
N506JB,N506JB,alphagolfcharlie,KJFK,KBOS,162.0,59,0:59 h,2025-11-07 17:47:00,2025-11-07 18:46:00,A320,Airbus,A320,PASSENGER,No,Jetblue
N880FD,N880FD,mjbeck123,MPTO,MROC,291.0,62,1:02 h,2025-11-07 00:10:00,2025-11-07 01:12:00,B77L,Boeing,777-200F,FREIGHTER,No,FedEx
N880FD,N880FD,mjbeck123,KMEM,MPTO,1664.0,245,4:05 h,2025-11-04 23:32:00,2025-11-05 03:37:00,B77L,Boeing,777-200F,FREIGHTER,No,FedEx
N76288,N76288,KDTW_Al,KEWR,KDTW,423.0,111,1:51 h,2025-11-03 23:24:00,2025-11-04 01:15:00,B738,Boeing,737-800,PASSENGER,No,United Airlines
N504JB,N504JB,alphagolfcharlie,KDTW,KJFK,440.0,91,1:31 h,2025-11-02 22:43:00,2025-11-03 00:14:00,A320,Airbus,A320,PASSENGER,No,Jetblue
N880FD,N880FD,mjbeck123,CYOW,KMEM,898.0,150,2:30 h,2025-11-02 15:05:00,2025-11-02 17:35:00,B77L,Boeing,777-200F,FREIGHTER,No,FedEx
N880FD,N880FD,mjbeck123,KMEM,CYOW,898.0,147,2:27 h,2025-11-02 00:32:00,2025-11-02 02:59:00,B77L,Boeing,777-200F,FREIGHTER,No,FedEx
N374DA,N374DA,KDTW_Al,KATL,KPBI,474.0,103,1:43 h,2025-10-30 23:22:00,2025-10-31 01:05:00,B738,Boeing,737-800,PASSENGER,No,Delta Air Lines
N766RA,N766RA,cautionwake,KPTK,KGSP,469.0,90,1:30 h,2025-10-30 18:20:00,2025-10-30 19:50:00,FA20,Dassault,Falcon 20,PASSENGER,No,Royal Air Freight
N504JB,N504JB,alphagolfcharlie,KJFK,KDTW,440.0,100,1:40 h,2025-10-30 17:10:00,2025-10-30 18:50:00,A320,Airbus,A320,PASSENGER,No,Jetblue
N559AS,N559AS,KDTW_Al,KOAK,KSAN,446.0,81,1:21 h,2025-10-28 22:12:00,2025-10-28 23:33:00,B738,Boeing,737-800,PASSENGER,No,Alaska Airlines
N371DA,N371DA,KDTW_Al,KATL,KMEM,287.0,95,1:35 h,2025-10-27 22:56:00,2025-10-28 00:31:00,B738,Boeing,737-800,PASSENGER,No,Delta Air Lines
N559AS,N559AS,KDTW_Al,KSEA,KOAK,584.0,126,2:06 h,2025-10-26 22:16:00,2025-10-27 00:22:00,B738,Boeing,737-800,PASSENGER,No,Alaska Airlines
C-FGKP,C-FGKP,Identified300,KMIA,CYUL,1222.0,242,4:02 h,2025-10-25 15:32:00,2025-10-25 19:34:00,A321,Airbus,A321,PASSENGER,No,Air Canada
G-EUPJ,G-EUPJ,alphagolfcharlie,EGLL,EGJJ,151.0,63,1:03 h,2025-10-25 13:41:00,2025-10-25 14:44:00,A319,Airbus,A319,PASSENGER,No,British Airways
C-FGKP,C-FGKP,Identified300,CYYZ,KMIA,1074.0,197,3:17 h,2025-10-24 22:58:00,2025-10-25 02:15:00,A321,Airbus,A321,PASSENGER,No,Air Canada
B-LRA,B-LRA,alphagolfcharlie,VHHH,RPLL,618.0,127,2:07 h,2025-10-21 10:05:00,2025-10-21 12:12:00,A359,Airbus,A350-900,PASSENGER,No,Cathay Pacific
OH-LWA,OH-LWA,alphagolfcharlie,EFHK,KJFK,4080.0,498,8:18 h,2025-10-20 18:31:00,2025-10-21 02:49:00,A359,Airbus,A350-900,PASSENGER,No,Finnair
N371DA,N371DA,KDTW_Al,KDTW,KATL,517.0,81,1:21 h,2025-10-16 23:49:00,2025-10-17 01:10:00,B738,Boeing,737-800,PASSENGER,No,Delta Air Lines
N844FD,N844FD,mjbeck123,KMEM,KIND,331.0,61,1:01 h,2025-10-16 02:00:00,2025-10-16 03:01:00,B77L,Boeing,777-200F,FREIGHTER,No,FedEx
N371DA,N371DA,KDTW_Al,KEWR,KDTW,423.0,81,1:21 h,2025-10-13 23:39:00,2025-10-14 01:00:00,B738,Boeing,737-800,PASSENGER,No,Delta Air Lines
N721FD,N721FD,cautionwake,KMEM,KDTW,530.0,84,1:24 h,2025-10-10 17:51:00,2025-10-10 19:15:00,A306,Airbus,A300-600F,FREIGHTER,No,FedEx
N371DA,N371DA,KDTW_Al,KBOS,KEWR,174.0,58,0:58 h,2025-10-10 16:32:00,2025-10-10 17:30:00,B738,Boeing,737-800,PASSENGER,No,Delta Air Lines
N371DA,N371DA,KDTW_Al,KLGA,KBOS,160.0,44,0:44 h,2025-10-09 20:01:00,2025-10-09 20:45:00,B738,Boeing,737-800,PASSENGER,No,Delta Air Lines
N371DA,N371DA,KDTW_Al,KCMH,KLGA,414.0,81,1:21 h,2025-10-08 23:19:00,2025-10-09 00:40:00,B738,Boeing,737-800,PASSENGER,No,Delta Air Lines
N371DA,N371DA,cautionwake,KATL,KCMH,388.0,69,1:09 h,2025-10-08 15:52:00,2025-10-08 17:01:00,B738,Boeing,737-800,PASSENGER,No,Delta Air Lines
N895NN,N895NN,cautionwake,KLGA,KORD,635.0,116,1:56 h,2025-10-01 01:44:00,2025-10-01 03:40:00,B738,Boeing,737-800,PASSENGER,No,American Airlines
N8528Q,N8528Q,cautionwake,KPHX,KMDW,1252.0,198,3:18 h,2025-09-29 15:33:00,2025-09-29 18:51:00,B738,Boeing,737-800,PASSENGER,No,Southwest Airlines
N8528Q,N8528Q,cautionwake,KLAS,KPHX,221.0,50,0:50 h,2025-09-28 21:09:00,2025-09-28 21:59:00,B738,Boeing,737-800,PASSENGER,No,Southwest Airlines
F-GKXC,F-GKXC,1293211,LSZB,EPZG,450.0,102,1:42 h,2026-01-17 13:44:00,2026-01-17 15:26:00,A320,Airbus,A320,PASSENGER,No,Air France
N717UW,N717UW,bradfier,KCLT,KBOS,632.0,150,2:30 h,2026-01-17 13:43:00,2026-01-17 16:13:00,A319,Airbus,A319,PASSENGER,No,American Airlines
N817EM,N817EM,jimmy_carrot,NTGJ,SCIP,1403.0,223,3:43 h,2026-01-17 10:07:00,2026-01-17 13:51:00,LJ35,Learjet,35A,PASSENGER,Yes,
N616QX,N616QX,Pandonaut,KATL,KMEM,287.0,80,1:20 h,2026-01-17 07:40:00,2026-01-17 09:01:00,CRJ7,Bombardier,CRJ-701ER,PASSENGER,No,Delta Air Lines
N817EM,N817EM,jimmy_carrot,NTAA,NTGJ,891.0,152,2:32 h,2026-01-17 07:07:00,2026-01-17 09:40:00,LJ35,Learjet,35A,PASSENGER,Yes,
N676NK,N676NK,Jay6zero,KFLL,KEWR,927.0,151,2:31 h,2026-01-17 06:41:00,2026-01-17 09:13:00,A321,Airbus,A321,PASSENGER,No,Spirit Airlines
N817EM,N817EM,jimmy_carrot,NCRG,NTAA,617.0,104,1:44 h,2026-01-17 05:19:00,2026-01-17 07:03:00,LJ35,Learjet,35A,PASSENGER,Yes,
N510DE,N510DE,Aaron1362041,KATL,KDEN,1040.0,234,3:54 h,2026-01-17 01:26:00,2026-01-17 05:21:00,A21N,Airbus,A321-271NX,PASSENGER,No,Delta Air Lines
N510DE,N510DE,Aaron1362041,CYYZ,KATL,643.0,162,2:42 h,2026-01-16 22:33:00,2026-01-17 01:16:00,A21N,Airbus,A321-271NX,PASSENGER,No,Delta Air Lines
I-AMAA,I-AMAA,Frilex,EDLW,EDLP,37.0,48,0:48 h,2026-01-16 19:38:00,2026-01-16 20:26:00,C172,Cessna,172M Skyhawk,PASSENGER,Yes,
OH-LZE,OH-LZE,risson,LSGG,LFPG,220.0,87,1:27 h,2026-01-16 19:17:00,2026-01-16 20:44:00,A321,Airbus,A321,PASSENGER,No,Finnair
N802NW,N802NW,AndyV,SPJC,KATL,2773.0,398,6:38 h,2026-01-16 18:17:00,2026-01-17 00:56:00,A333,Airbus,A330-323,PASSENGER,No,Delta Air Lines
N817EM,N817EM,jimmy_carrot,NZAA,NCRG,1627.0,235,3:55 h,2026-01-16 18:06:00,2026-01-16 22:01:00,LJ35,Learjet,35A,PASSENGER,Yes,
D-AIRP,D-AIRP,Heustreu,ENBR,EDDF,626.0,167,2:47 h,2026-01-16 17:54:00,2026-01-16 20:41:00,A321,Airbus,A321,PASSENGER,No,Lufthansa
N63899,N63899,Lyra,KJAX,KIAD,548.0,110,1:50 h,2026-01-16 16:30:00,2026-01-16 18:20:00,B739,Boeing,737-900,PASSENGER,No,United Airlines
N2MK,N2MK,V1RotateAP,KMEM,KDEN,756.0,191,3:11 h,2026-01-16 16:05:00,2026-01-16 19:16:00,P180,Piaggio,P-180 Avanti,PASSENGER,Yes,
OH-LZE,OH-LZE,risson,EFRO,LSGG,1371.0,240,4:00 h,2026-01-16 15:11:00,2026-01-16 19:11:00,A321,Airbus,A321,PASSENGER,No,Finnair
N817EM,N817EM,jimmy_carrot,YSSY,NZAA,1166.0,163,2:43 h,2026-01-16 14:58:00,2026-01-16 17:41:00,LJ35,Learjet,35A,PASSENGER,Yes,
N504JB,N504JB,1562477,KATL,KRSW,448.0,98,1:38 h,2026-01-16 13:36:00,2026-01-16 15:15:00,A320,Airbus,A320,PASSENGER,No,Jetblue
N817EM,N817EM,jimmy_carrot,YPPH,YSSY,1769.0,243,4:03 h,2026-01-16 10:14:00,2026-01-16 14:18:00,LJ35,Learjet,35A,PASSENGER,Yes,
N817EM,N817EM,jimmy_carrot,WIHH,YPPH,1623.0,255,4:15 h,2026-01-16 05:44:00,2026-01-16 09:59:00,LJ35,Learjet,35A,PASSENGER,Yes,
VH-VWQ,VH-VWQ,Jay6zero,YMML,YSSY,380.0,84,1:24 h,2026-01-16 05:10:00,2026-01-16 06:34:00,A321,Airbus,A321,PASSENGER,No,Jetstar
N895NN,N895NN,Jaraffe,KORD,KDTW,203.0,74,1:14 h,2026-01-16 03:53:00,2026-01-16 05:07:00,B738,Boeing,737-800,PASSENGER,No,American Airlines
N2MK,N2MK,V1RotateAP,KSGF,KMEM,211.0,55,0:55 h,2026-01-16 03:45:00,2026-01-16 04:40:00,P180,Piaggio,P-180 Avanti,PASSENGER,Yes,
N817EM,N817EM,jimmy_carrot,WSSS,WIHH,489.0,136,2:16 h,2026-01-16 03:24:00,2026-01-16 05:40:00,LJ35,Learjet,35A,PASSENGER,Yes,
N972UY,N972UY,Jay6zero,KBOS,KLGA,160.0,64,1:04 h,2026-01-16 02:48:00,2026-01-16 03:52:00,A321,Airbus,A321,PASSENGER,No,American Airlines
I-AMAA,I-AMAA,Frilex,EDFM,EDLW,127.0,71,1:11 h,2026-01-15 21:45:00,2026-01-15 22:56:00,C172,Cessna,172M Skyhawk,PASSENGER,Yes,
N510DE,N510DE,Aaron1362041,KLAX,CYYZ,1886.0,280,4:40 h,2026-01-15 21:23:00,2026-01-16 02:04:00,A21N,Airbus,A321-271NX,PASSENGER,No,Delta Air Lines
N57857,N57857,Lyra,KDEN,KIAD,1259.0,184,3:04 h,2026-01-15 19:17:00,2026-01-15 22:21:00,B753,Boeing,757-300,PASSENGER,No,United Airlines
N63899,N63899,Lyra,KNIP,KJAX,15.0,24,0:24 h,2026-01-15 18:36:00,2026-01-15 19:01:00,B739,Boeing,737-900,PASSENGER,No,United Airlines
N63899,N63899,Lyra,KORD,KNIP,766.0,137,2:17 h,2026-01-15 16:11:00,2026-01-15 18:28:00,B739,Boeing,737-900,PASSENGER,No,United Airlines
N804SN,N804SN,PilotDeviation,KDOV,KRSW,819.0,174,2:54 h,2026-01-15 14:50:00,2026-01-15 17:45:00,MD11,McDonnell Douglas,MD-11F,FREIGHTER,No,Western Global Airlines
N63899,N63899,Lyra,KSAV,KORD,672.0,128,2:08 h,2026-01-15 13:51:00,2026-01-15 16:00:00,B739,Boeing,737-900,PASSENGER,No,United Airlines
N817EM,N817EM,jimmy_carrot,VQPR,WSSS,1774.0,286,4:46 h,2026-01-15 10:20:00,2026-01-15 15:06:00,LJ35,Learjet,35A,PASSENGER,Yes,
N817EM,N817EM,jimmy_carrot,VABB,VQPR,1039.0,160,2:40 h,2026-01-15 07:23:00,2026-01-15 10:03:00,LJ35,Learjet,35A,PASSENGER,Yes,
N77ZE,N77ZE,Jaraffe,KBJC,KASE,90.0,34,0:34 h,2026-01-15 05:15:00,2026-01-15 05:49:00,PC12,Pilatus,PC-12/45,PASSENGER,Yes,
N817EM,N817EM,jimmy_carrot,OTBD,VABB,1239.0,200,3:20 h,2026-01-15 03:54:00,2026-01-15 07:14:00,LJ35,Learjet,35A,PASSENGER,Yes,
N691NK,N691NK,Jay6zero,KCLT,KLGA,472.0,98,1:38 h,2026-01-15 03:27:00,2026-01-15 05:05:00,A320,Airbus,A320,PASSENGER,No,Spirit Airlines
N875FD,N875FD,Mark3568,KMEM,KDEN,756.0,145,2:25 h,2026-01-15 03:22:00,2026-01-15 05:47:00,B77L,Boeing,777-F,FREIGHTER,No,FedEx
N915DU,N915DU,KDTW_Al,KFLL,KRDU,592.0,111,1:51 h,2026-01-15 00:09:00,2026-01-15 02:01:00,B739,Boeing,737-900,PASSENGER,No,Delta Air Lines
N8911Q,N8911Q,ClimbToFL150,KDAL,KDCA,1026.0,156,2:36 h,2026-01-14 22:28:00,2026-01-15 01:04:00,B38M,Boeing,737 MAX 8,PASSENGER,No,Southwest Airlines
N63899,N63899,Lyra,KEWR,KSAV,615.0,142,2:22 h,2026-01-14 22:20:00,2026-01-15 00:42:00,B739,Boeing,737-900,PASSENGER,No,United Airlines
N691NK,N691NK,Jay6zero,KMCO,KCLT,407.0,97,1:37 h,2026-01-14 21:23:00,2026-01-14 23:00:00,A320,Airbus,A320,PASSENGER,No,Spirit Airlines
D-AILC,D-AILC,Frilex,EDDF,LFST,96.0,73,1:13 h,2026-01-14 21:18:00,2026-01-14 22:31:00,A319,Airbus,A319,PASSENGER,No,Lufthansa
N375GR,N375GR,V1RotateAP,MHRO,MGSJ,287.0,71,1:11 h,2026-01-14 20:19:00,2026-01-14 21:30:00,C25C,Cessna,525C CitationJet CJ4,PASSENGER,Yes,
N63899,N63899,Lyra,KTPA,KEWR,867.0,146,2:26 h,2026-01-14 19:44:00,2026-01-14 22:10:00,B739,Boeing,737-900,PASSENGER,No,United Airlines
D-AIRP,D-AIRP,Heustreu,EDDF,ENBR,626.0,148,2:28 h,2026-01-14 18:41:00,2026-01-14 21:10:00,A321,Airbus,A321,PASSENGER,No,Lufthansa
N804SN,N804SN,PilotDeviation,KSWF,KDOV,155.0,76,1:16 h,2026-01-14 16:44:00,2026-01-14 18:00:00,MD11,McDonnell Douglas,MD-11F,FREIGHTER,No,Western Global Airlines
N817EM,N817EM,jimmy_carrot,OJAI,OTBD,907.0,144,2:24 h,2026-01-14 13:14:00,2026-01-14 15:39:00,LJ35,Learjet,35A,PASSENGER,Yes,
N63899,N63899,Lyra,KDEN,KTPA,1308.0,195,3:15 h,2026-01-14 13:09:00,2026-01-14 16:24:00,B739,Boeing,737-900,PASSENGER,No,United Airlines
N817EM,N817EM,jimmy_carrot,HECA,OJAI,255.0,74,1:14 h,2026-01-14 11:53:00,2026-01-14 13:08:00,LJ35,Learjet,35A,PASSENGER,Yes,
N817EM,N817EM,jimmy_carrot,EKCH,HECA,1726.0,272,4:32 h,2026-01-14 07:15:00,2026-01-14 11:48:00,LJ35,Learjet,35A,PASSENGER,Yes,
C-FUMF,C-FUMF,AndyV,CYYC,KSEA,391.0,111,1:51 h,2026-01-14 02:35:00,2026-01-14 04:27:00,B738,Boeing,737-8CT,PASSENGER,No,WestJet
N381DN,N381DN,KDTW_Al,KDTW,KMEM,530.0,114,1:54 h,2026-01-14 00:38:00,2026-01-14 02:32:00,B738,Boeing,737-832,PASSENGER,No,Delta Air Lines
CC-COD,CC-COD,AndyV,SCEL,SABE,619.0,127,2:07 h,2026-01-14 00:02:00,2026-01-14 02:10:00,A320,Airbus,A320,PASSENGER,No,LATAM Airlines Brasil
N129K,N129K,V1RotateAP,KHLN,KS69,34.0,36,0:36 h,2026-01-13 22:47:00,2026-01-13 23:23:00,C172,Cessna,172 Skyhawk,PASSENGER,Yes,
HK-5378,HK-5378,AndyV,SKBO,MPTO,407.0,102,1:42 h,2026-01-13 21:56:00,2026-01-13 23:38:00,A20N,Airbus,A320-251N,PASSENGER,No,Avianca
N574FE,N574FE,Aaron1362041,KMEM,CYEG,1481.0,283,4:43 h,2026-01-13 21:36:00,2026-01-14 02:20:00,MD11,McDonnell Douglas,MD-11F,FREIGHTER,No,FedEx
N77ZE,N77ZE,alchemydc,KEAR,KBJC,283.0,108,1:48 h,2026-01-13 21:13:00,2026-01-13 23:01:00,PC12,Pilatus,PC-12/45,PASSENGER,Yes,
N374DA,N374DA,Jay6zero,KMCO,KATL,351.0,90,1:30 h,2026-01-13 20:33:00,2026-01-13 22:04:00,B738,Boeing,737-800,PASSENGER,No,Delta Air Lines
D-ABNN,D-ABNN,AndyV,EDDL,EDDB,258.0,89,1:29 h,2026-01-13 19:53:00,2026-01-13 21:22:00,A320,Airbus,A320,PASSENGER,No,Eurowings
N63899,N63899,Lyra,PANC,KDEN,2085.0,296,4:56 h,2026-01-13 18:39:00,2026-01-13 23:35:00,B739,Boeing,737-900,PASSENGER,No,United Airlines
EI-EBG,EI-EBG,AndyV,EIDW,EETN,1081.0,196,3:16 h,2026-01-13 16:05:00,2026-01-13 19:21:00,B738,Boeing,737-800,PASSENGER,No,Ryanair
OE-EKA,OE-EKA,jimmy_carrot,EDAZ,EDAZ,0.0,120,2:00 h,2026-01-13 14:56:00,2026-01-13 16:56:00,TBM9,Daher,TBM 960,PASSENGER,Yes,
OE-EKA,OE-EKA,jimmy_carrot,EDVM,EDAZ,118.0,61,1:01 h,2026-01-13 13:46:00,2026-01-13 14:48:00,TBM9,Daher,TBM 960,PASSENGER,Yes,
OE-EKA,OE-EKA,jimmy_carrot,EDFM,EDVM,171.0,87,1:27 h,2026-01-13 09:29:00,2026-01-13 10:56:00,TBM9,Daher,TBM 960,PASSENGER,Yes,
N301NB,N301NB,Jay6zero,KEYW,KMIA,109.0,43,0:43 h,2026-01-13 08:08:00,2026-01-13 08:51:00,A319,Airbus,A319,PASSENGER,No,Delta Air Lines
OE-EKA,OE-EKA,jimmy_carrot,LOWS,EDFM,204.0,77,1:17 h,2026-01-13 07:27:00,2026-01-13 08:45:00,TBM9,Daher,TBM 960,PASSENGER,Yes,
N63899,N63899,Lyra,PAFA,PANC,226.0,80,1:20 h,2026-01-13 02:28:00,2026-01-13 03:49:00,B739,Boeing,737-900,PASSENGER,No,United Airlines
N395HA,N395HA,AndyV,PHNL,KSFO,2082.0,300,5:00 h,2026-01-13 00:44:00,2026-01-13 05:44:00,A332,Airbus,A330-243,PASSENGER,No,Hawaiian Airlines
N365DN,N365DN,Jay6zero,KJFK,MDST,1285.0,247,4:07 h,2026-01-12 21:15:00,2026-01-13 01:22:00,A321,Airbus,A321-211,PASSENGER,No,Delta Air Lines
N717UW,N717UW,bradfier,CYYZ,KCLT,511.0,127,2:07 h,2026-01-12 20:58:00,2026-01-12 23:05:00,A319,Airbus,A319,PASSENGER,No,American Airlines
N63899,N63899,Lyra,KDEN,PAFA,2107.0,367,6:07 h,2026-01-12 20:05:00,2026-01-13 02:13:00,B739,Boeing,737-900,PASSENGER,No,United Airlines
HB-IHY,HB-IHY,Frilex,LSZH,EDDC,300.0,87,1:27 h,2026-01-12 18:39:00,2026-01-12 20:07:00,A320,Airbus,A320-214,PASSENGER,No,Edelweiss
OE-EKA,OE-EKA,jimmy_carrot,LIMG,LOWS,303.0,98,1:38 h,2026-01-12 18:34:00,2026-01-12 20:13:00,TBM9,Daher,TBM 960,PASSENGER,Yes,
OE-EKA,OE-EKA,jimmy_carrot,GMFF,LIMG,860.0,187,3:07 h,2026-01-12 13:16:00,2026-01-12 16:23:00,TBM9,Daher,TBM 960,PASSENGER,Yes,
N972UY,N972UY,Jay6zero,KJFK,KBOS,162.0,74,1:14 h,2026-01-12 05:20:00,2026-01-12 06:34:00,A321,Airbus,A321,PASSENGER,No,American Airlines
N469AS,N469AS,AndyV,KSEA,KLAX,829.0,163,2:43 h,2026-01-11 23:30:00,2026-01-12 02:13:00,B739,Boeing,737-900,PASSENGER,No,Alaska Airlines
OE-EKA,OE-EKA,jimmy_carrot,GMMN,GMFF,134.0,69,1:09 h,2026-01-11 17:53:00,2026-01-11 19:02:00,TBM9,Daher,TBM 960,PASSENGER,Yes,
C-FITL,C-FITL,Aaron1362041,CYYR,CYYZ,953.0,169,2:49 h,2026-01-11 17:16:00,2026-01-11 20:05:00,B77W,Boeing,777-333ER,PASSENGER,No,Air Canada
N875FD,N875FD,Mark3568,KPHX,KMEM,1095.0,182,3:02 h,2026-01-11 17:07:00,2026-01-11 20:10:00,B77L,Boeing,777-F,FREIGHTER,No,FedEx
OE-EKA,OE-EKA,jimmy_carrot,GMTT,GMMN,164.0,71,1:11 h,2026-01-11 16:34:00,2026-01-11 17:46:00,TBM9,Daher,TBM 960,PASSENGER,Yes,
D-AIZD,D-AIZD,Heustreu,EDDF,EDDH,222.0,114,1:54 h,2026-01-11 14:57:00,2026-01-11 16:51:00,A320,Airbus,A320,PASSENGER,No,Lufthansa
OE-EKA,OE-EKA,jimmy_carrot,LPCS,GMTT,243.0,115,1:55 h,2026-01-11 14:25:00,2026-01-11 16:20:00,TBM9,Daher,TBM 960,PASSENGER,Yes,
OE-EKA,OE-EKA,jimmy_carrot,LPBR,LPCS,176.0,74,1:14 h,2026-01-11 12:48:00,2026-01-11 14:03:00,TBM9,Daher,TBM 960,PASSENGER,Yes,
N944NK,N944NK,Jay6zero,KMCO,KMIA,167.0,61,1:01 h,2026-01-11 07:04:00,2026-01-11 08:05:00,A20N,Airbus,A320neo,PASSENGER,No,Spirit Airlines
OE-EKA,OE-EKA,jimmy_carrot,LPCO,LPBR,85.0,35,0:35 h,2026-01-11 06:54:00,2026-01-11 07:29:00,TBM9,Daher,TBM 960,PASSENGER,Yes,
OE-EKA,OE-EKA,jimmy_carrot,LPFR,LPCO,190.0,79,1:19 h,2026-01-10 20:22:00,2026-01-10 21:41:00,TBM9,Daher,TBM 960,PASSENGER,Yes,
OE-EKA,OE-EKA,jimmy_carrot,LPCS,LPFR,121.0,65,1:05 h,2026-01-10 19:08:00,2026-01-10 20:13:00,TBM9,Daher,TBM 960,PASSENGER,Yes,
LN-NIQ,LN-NIQ,AndyV,ENGM,EGCC,599.0,158,2:38 h,2026-01-10 18:35:00,2026-01-10 21:13:00,B738,Boeing,737-86N,PASSENGER,No,Norwegian
G-DBCA,G-DBCA,alphagolfcharlie,EGLL,EKCH,528.0,122,2:02 h,2026-01-10 16:18:00,2026-01-10 18:21:00,A319,Airbus,A319,PASSENGER,No,British Airways
OE-EKA,OE-EKA,jimmy_carrot,LPCS,LPCS,0.0,100,1:40 h,2026-01-10 16:11:00,2026-01-10 17:52:00,TBM9,Daher,TBM 960,PASSENGER,Yes,
N569DZ,N569DZ,Aaron1362041,EHAM,KLAX,4835.0,731,12:11 h,2026-01-10 15:09:00,2026-01-11 03:21:00,A359,Airbus,A350-900,PASSENGER,No,Delta Air Lines
OE-EKA,OE-EKA,jimmy_carrot,LPPR,LPCS,154.0,77,1:17 h,2026-01-10 14:44:00,2026-01-10 16:01:00,TBM9,Daher,TBM 960,PASSENGER,Yes,
G-DBCA,G-DBCA,alphagolfcharlie,EDDB,EGLL,519.0,103,1:43 h,2026-01-10 14:23:00,2026-01-10 16:06:00,A319,Airbus,A319,PASSENGER,No,British Airways
N3773D,N3773D,Jaraffe,KMSP,KORD,289.0,83,1:23 h,2026-01-19 09:03:00,2026-01-19 10:26:00,B738,Boeing,737-832,PASSENGER,No,Delta Air Lines
N817EM,N817EM,jimmy_carrot,LFRB,EKCH,760.0,130,2:10 h,2026-01-19 08:45:00,2026-01-19 10:55:00,LJ35,Learjet,35A,PASSENGER,Yes,
N817EM,N817EM,jimmy_carrot,LPMA,LFRB,1097.0,187,3:07 h,2026-01-19 05:33:00,2026-01-19 08:40:00,LJ35,Learjet,35A,PASSENGER,Yes,
VH-VWQ,VH-VWQ,Jay6zero,YSSY,YMML,380.0,109,1:49 h,2026-01-19 05:31:00,2026-01-19 07:20:00,A321,Airbus,A321,PASSENGER,No,Jetstar
C-GMIU,C-GMIU,AndyV,CYVR,KSFO,695.0,164,2:44 h,2026-01-19 00:31:00,2026-01-19 03:15:00,B38M,Boeing,737 MAX 8,PASSENGER,No,Air Canada
N505JB,N505JB,AndyV,KBOS,KJFK,162.0,85,1:25 h,2026-01-18 22:57:00,2026-01-19 00:22:00,A320,Airbus,A320,PASSENGER,No,Jetblue
N57857,N57857,Lyra,KIAH,TTPP,2226.0,308,5:08 h,2026-01-18 21:50:00,2026-01-19 02:58:00,B753,Boeing,757-300,PASSENGER,No,United Airlines
N234QS,N234QS,ItchyEye,KPAE,KFLG,900.0,176,2:56 h,2026-01-18 17:55:00,2026-01-18 20:51:00,CL60,Bombardier,Challenger 650,PASSENGER,No,NetJets Aviation
N875FD,N875FD,Mark3568,KDEN,KONT,710.0,135,2:15 h,2026-01-18 17:16:00,2026-01-18 19:32:00,B77L,Boeing,777-F,FREIGHTER,No,FedEx
N57857,N57857,Lyra,MROC,KIAH,1352.0,211,3:31 h,2026-01-18 15:04:00,2026-01-18 18:35:00,B753,Boeing,757-300,PASSENGER,No,United Airlines
N817EM,N817EM,jimmy_carrot,GVNP,LPMA,1128.0,197,3:17 h,2026-01-18 13:27:00,2026-01-18 16:44:00,LJ35,Learjet,35A,PASSENGER,Yes,
N817EM,N817EM,jimmy_carrot,SBFN,GVNP,1246.0,175,2:55 h,2026-01-18 10:13:00,2026-01-18 13:08:00,LJ35,Learjet,35A,PASSENGER,Yes,
N367DN,N367DN,Pandonaut,KSLC,KASE,253.0,63,1:03 h,2026-01-18 07:04:00,2026-01-18 08:07:00,A321,Airbus,A321-211,PASSENGER,No,Delta Air Lines
N950NN,N950NN,AndyV,KPHX,KSFO,564.0,118,1:58 h,2026-01-18 03:44:00,2026-01-18 05:43:00,B738,Boeing,737-800,PASSENGER,No,American Airlines
N817EM,N817EM,jimmy_carrot,SBRJ,SBFN,1303.0,190,3:10 h,2026-01-18 00:56:00,2026-01-18 04:07:00,LJ35,Learjet,35A,PASSENGER,Yes,
N950NN,N950NN,AndyV,KLAS,KPHX,221.0,124,2:04 h,2026-01-18 00:44:00,2026-01-18 02:48:00,B738,Boeing,737-800,PASSENGER,No,American Airlines
N57857,N57857,Lyra,KLAX,MROC,2366.0,323,5:23 h,2026-01-17 23:02:00,2026-01-18 04:25:00,B753,Boeing,757-300,PASSENGER,No,United Airlines
N817EM,N817EM,jimmy_carrot,SCIE,SBRJ,1754.0,286,4:46 h,2026-01-17 19:49:00,2026-01-18 00:36:00,LJ35,Learjet,35A,PASSENGER,Yes,
N802NW,N802NW,AndyV,KATL,KLAS,1514.0,268,4:28 h,2026-01-17 19:47:00,2026-01-18 00:16:00,A333,Airbus,A330-323,PASSENGER,No,Delta Air Lines
N3758Y,N3758Y,KDTW_Al,KJFK,KIND,576.0,134,2:14 h,2026-01-17 18:43:00,2026-01-17 20:57:00,B738,Boeing,737-832,PASSENGER,No,Delta Air Lines
N57857,N57857,Lyra,KIAD,KLAX,1983.0,316,5:16 h,2026-01-17 17:30:00,2026-01-17 22:46:00,B753,Boeing,757-300,PASSENGER,No,United Airlines
N817EM,N817EM,jimmy_carrot,SCIP,SCIE,1926.0,295,4:55 h,2026-01-17 14:39:00,2026-01-17 19:34:00,LJ35,Learjet,35A,PASSENGER,Yes,
N2MK,N2MK,V1RotateAP,KDEN,KSLC,338.0,91,1:31 h,2026-01-20 03:02:00,2026-01-20 04:34:00,P180,Piaggio,P-180 Avanti,PASSENGER,Yes,
C-GXZD,C-GXZD,Aaron1362041,KORD,CYHZ,1073.0,151,2:31 h,2026-01-19 22:47:00,2026-01-20 01:18:00,A333,Airbus,A330-300,PASSENGER,No,Air Canada
N224UA,N224UA,Lyra,KIAH,KMSY,264.0,78,1:18 h,2026-01-19 21:13:00,2026-01-19 22:31:00,B772,Boeing,777-222ER,PASSENGER,No,United Airlines
OY-KAW,OY-KAW,AndyV,EKCH,ESGG,123.0,72,1:12 h,2026-01-19 16:57:00,2026-01-19 18:09:00,A320,Airbus,A320-232,PASSENGER,No,SAS
N57857,N57857,Lyra,TTPP,KIAH,2226.0,350,5:50 h,2026-01-19 15:08:00,2026-01-19 20:59:00,B753,Boeing,757-300,PASSENGER,No,United Airlines
I-AMAA,I-AMAA,Frilex,EDLP,EDDG,46.0,46,0:46 h,2026-01-19 12:24:00,2026-01-19 13:10:00,C172,Cessna,172M Skyhawk,PASSENGER,Yes,
N504JB,N504JB,Jay6zero,KRSW,KFLL,90.0,40,0:40 h,2026-01-20 22:48:00,2026-01-20 23:28:00,A320,Airbus,A320,PASSENGER,No,Jetblue
N944NK,N944NK,AndyV,KMIA,KATL,517.0,117,1:57 h,2026-01-20 22:23:00,2026-01-21 00:21:00,A20N,Airbus,A320neo,PASSENGER,No,Spirit Airlines
N2MK,N2MK,V1RotateAP,KU52,KLAS,175.0,51,0:51 h,2026-01-20 21:23:00,2026-01-20 22:14:00,P180,Piaggio,P-180 Avanti,PASSENGER,Yes,
N972UY,N972UY,Jay6zero,KLGA,KDCA,186.0,58,0:58 h,2026-01-20 21:23:00,2026-01-20 22:21:00,A321,Airbus,A321,PASSENGER,No,American Airlines
N717UW,N717UW,dart,KBOS,KDCA,346.0,109,1:49 h,2026-01-20 20:35:00,2026-01-20 22:24:00,A319,Airbus,A319,PASSENGER,No,American Airlines
D-AICA,D-AICA,AndyV,EDDF,LIMC,264.0,103,1:43 h,2026-01-20 20:08:00,2026-01-20 21:52:00,A320,Airbus,A320,PASSENGER,No,Condor
N2MK,N2MK,V1RotateAP,KSLC,KU52,156.0,48,0:48 h,2026-01-20 20:05:00,2026-01-20 20:53:00,P180,Piaggio,P-180 Avanti,PASSENGER,Yes,
N224UA,N224UA,Lyra,KSFO,KDEN,838.0,169,2:49 h,2026-01-20 19:51:00,2026-01-20 22:40:00,B772,Boeing,777-222ER,PASSENGER,No,United Airlines
N224UA,N224UA,Lyra,KMSY,KSFO,1657.0,289,4:49 h,2026-01-20 14:53:00,2026-01-20 19:42:00,B772,Boeing,777-222ER,PASSENGER,No,United Airlines
N581UW,N581UW,Jay6zero,KMIA,KCLT,566.0,83,1:23 h,2026-01-20 07:47:00,2026-01-20 09:11:00,A321,Airbus,321-231,PASSENGER,No,American Airlines
N895UA,N895UA,dart,KIAH,KMSP,900.0,167,2:47 h,2026-01-21 19:56:00,2026-01-21 22:43:00,A319,Airbus,A319-132,PASSENGER,No,United Airlines
N129K,N129K,V1RotateAP,KS69,KGPI,104.0,104,1:44 h,2026-01-21 18:09:00,2026-01-21 19:53:00,C172,Cessna,172 Skyhawk,PASSENGER,Yes,
D-AICA,D-AICA,AndyV,LIMC,EDDF,264.0,86,1:26 h,2026-01-21 17:37:00,2026-01-21 19:03:00,A320,Airbus,A320,PASSENGER,No,Condor
N2MK,N2MK,V1RotateAP,KLAS,KLAX,205.0,75,1:15 h,2026-01-21 16:22:00,2026-01-21 17:38:00,P180,Piaggio,P-180 Avanti,PASSENGER,Yes,
N33286,N33286,Lyra,KSFO,KSNA,323.0,94,1:34 h,2026-01-21 15:22:00,2026-01-21 16:56:00,B738,Boeing,737-800,PASSENGER,No,United Airlines
N33286,N33286,Lyra,KONT,KSFO,315.0,81,1:21 h,2026-01-21 13:56:00,2026-01-21 15:17:00,B738,Boeing,737-800,PASSENGER,No,United Airlines
N8528Q,N8528Q,Jay6zero,KLAS,KPSP,150.0,52,0:52 h,2026-01-21 08:29:00,2026-01-21 09:22:00,B738,Boeing,737-800,PASSENGER,No,Southwest Airlines
N548NN,N548NN,Pandonaut,KIAH,KGPT,326.0,83,1:23 h,2026-01-21 05:48:00,2026-01-21 07:11:00,CRJ9,Bombardier,CRJ-900LR,PASSENGER,No,American Airlines
C-FCTK,C-FCTK,AndyV,CYYZ,CYUL,273.0,95,1:35 h,2026-01-21 00:45:00,2026-01-21 02:20:00,B38M,Boeing,737 MAX 8,PASSENGER,No,WestJet
N33286,N33286,Lyra,KDEN,KONT,710.0,141,2:21 h,2026-01-20 23:18:00,2026-01-21 01:39:00,B738,Boeing,737-800,PASSENGER,No,United Airlines
OH-LWA,OH-LWA,bradfier,EDDM,EFHK,850.0,154,2:34 h,2026-01-22 14:45:00,2026-01-22 17:19:00,A359,Airbus,A350-900,PASSENGER,No,Finnair
N33286,N33286,Lyra,KSNA,KEWR,2110.0,279,4:39 h,2026-01-22 12:06:00,2026-01-22 16:45:00,B738,Boeing,737-800,PASSENGER,No,United Airlines
N762SK,N762SK,Pandonaut,KORD,KCMX,312.0,80,1:20 h,2026-01-22 07:31:00,2026-01-22 08:52:00,CRJ7,Bombardier,CRJ-701ER,PASSENGER,No,United Airlines
N505JB,N505JB,Jay6zero,KJFK,KBOS,162.0,67,1:07 h,2026-01-22 07:24:00,2026-01-22 08:31:00,A320,Airbus,A320,PASSENGER,No,Jetblue
N301NB,N301NB,Jay6zero,KMIA,MDST,659.0,125,2:05 h,2026-01-22 05:10:00,2026-01-22 07:15:00,A319,Airbus,A319,PASSENGER,No,Delta Air Lines
N162AA,N162AA,AndyV,KLAX,KLAS,205.0,79,1:19 h,2026-01-22 03:28:00,2026-01-22 04:47:00,A321,Airbus,321-231,PASSENGER,No,American Airlines
N915DU,N915DU,Jay6zero,KRDU,KLGA,374.0,88,1:28 h,2026-01-22 01:41:00,2026-01-22 03:10:00,B739,Boeing,737-900,PASSENGER,No,Delta Air Lines
C-FCTK,C-FCTK,AndyV,CYUL,CYYZ,273.0,108,1:48 h,2026-01-22 01:03:00,2026-01-22 02:51:00,B38M,Boeing,737 MAX 8,PASSENGER,No,WestJet
N927DZ,N927DZ,KDTW_Al,KCMH,KSAT,989.0,174,2:54 h,2026-01-21 23:57:00,2026-01-22 02:52:00,B739,Boeing,737-900,PASSENGER,No,Delta Air Lines
D-AIZF,D-AIZF,AndyV,EDDF,EBBR,163.0,65,1:05 h,2026-01-21 20:15:00,2026-01-21 21:20:00,A320,Airbus,A320,PASSENGER,No,Lufthansa
N302DN,N302DN,Jay6zero,MDST,KJFK,1285.0,255,4:15 h,2026-01-23 01:17:00,2026-01-23 05:32:00,A321,Airbus,A321,PASSENGER,No,Delta Air Lines
N574FE,N574FE,lebrun,CYEG,PANC,1253.0,241,4:01 h,2026-01-23 00:54:00,2026-01-23 04:55:00,MD11,McDonnell Douglas,MD-11F,FREIGHTER,No,FedEx
N234QS,N234QS,Lyra,KTEB,KDCA,182.0,95,1:35 h,2026-01-23 00:31:00,2026-01-23 02:07:00,CL60,Bombardier,Challenger 650,PASSENGER,No,NetJets Aviation
N399DA,N399DA,AndyV,KATL,CYYZ,643.0,133,2:13 h,2026-01-22 23:22:00,2026-01-23 01:35:00,B738,Boeing,737-832,PASSENGER,No,Delta Air Lines
N504JB,N504JB,Jay6zero,MYNN,KFLL,158.0,99,1:39 h,2026-01-22 21:52:00,2026-01-22 23:31:00,A320,Airbus,A320,PASSENGER,No,Jetblue
N504JB,N504JB,Jay6zero,KFLL,MYNN,158.0,62,1:02 h,2026-01-22 20:37:00,2026-01-22 21:40:00,A320,Airbus,A320,PASSENGER,No,Jetblue
N510DE,N510DE,dart,KDEN,KATL,1040.0,161,2:41 h,2026-01-22 20:05:00,2026-01-22 22:46:00,A21N,Airbus,A321-271NX,PASSENGER,No,Delta Air Lines
N2MK,N2MK,V1RotateAP,KSAN,KSNA,66.0,61,1:01 h,2026-01-22 18:06:00,2026-01-22 19:07:00,P180,Piaggio,P-180 Avanti,PASSENGER,Yes,
N234QS,N234QS,Lyra,KFLG,KTEB,1798.0,272,4:32 h,2026-01-22 17:03:00,2026-01-22 21:35:00,CL60,Bombardier,Challenger 650,PASSENGER,No,NetJets Aviation
N2MK,N2MK,V1RotateAP,KLAX,KSAN,94.0,42,0:42 h,2026-01-22 16:30:00,2026-01-22 17:13:00,P180,Piaggio,P-180 Avanti,PASSENGER,Yes,
SX-DVX,SX-DVX,AndyV,LGAV,LROP,410.0,98,1:38 h,2026-01-23 18:20:00,2026-01-23 19:58:00,A320,Airbus,A320-232,PASSENGER,No,Aegean
C-FGKP,C-FGKP,Aaron1362041,CYUL,CYWG,981.0,207,3:27 h,2026-01-23 16:35:00,2026-01-23 20:02:00,A321,Airbus,A321,PASSENGER,No,Air Canada
N895UA,N895UA,dart,KMSP,KDEN,589.0,131,2:11 h,2026-01-23 15:39:00,2026-01-23 17:50:00,A319,Airbus,A319-132,PASSENGER,No,United Airlines
SX-DVX,SX-DVX,AndyV,EDDF,LGAV,980.0,182,3:02 h,2026-01-23 15:04:00,2026-01-23 18:06:00,A320,Airbus,A320-232,PASSENGER,No,Aegean
N78004,N78004,Lyra,KEWR,OMDB,5950.0,744,12:24 h,2026-01-23 12:39:00,2026-01-24 01:03:00,B772,Boeing,777-200,PASSENGER,No,United Airlines
N204CM,N204CM,Jay6zero,KLAX,KHHR,3.0,8,0:08 h,2026-01-23 08:11:00,2026-01-23 08:19:00,C172,Cessna,172M Skyhawk,PASSENGER,Yes,
VH-VXA,VH-VXA,AndyV,YSSY,YMML,380.0,96,1:36 h,2026-01-23 05:52:00,2026-01-23 07:29:00,B738,Boeing,737-800,PASSENGER,No,Qantas
N33286,N33286,AndyV,KEWR,KIAD,184.0,78,1:18 h,2026-01-23 04:06:00,2026-01-23 05:24:00,B738,Boeing,737-800,PASSENGER,No,United Airlines
N234QS,N234QS,Lyra,KDCA,KMMU,168.0,63,1:03 h,2026-01-23 02:15:00,2026-01-23 03:18:00,CL60,Bombardier,Challenger 650,PASSENGER,No,NetJets Aviation
C-FITL,C-FITL,AndyV,CYYZ,CYUL,273.0,95,1:35 h,2026-01-23 01:50:00,2026-01-23 03:25:00,B77W,Boeing,777-333ER,PASSENGER,No,Air Canada
N844FD,N844FD,Jaraffe,KMEM,KDFW,374.0,102,1:42 h,2026-01-24 04:27:00,2026-01-24 06:09:00,B77L,Boeing,777-200F,FREIGHTER,No,FedEx
N504JB,N504JB,AndyV,KFLL,MYNN,158.0,64,1:04 h,2026-01-24 03:53:00,2026-01-24 04:57:00,A320,Airbus,A320,PASSENGER,No,Jetblue
N301NB,N301NB,Jay6zero,MDST,KFLL,662.0,144,2:24 h,2026-01-24 01:38:00,2026-01-24 04:02:00,A319,Airbus,A319,PASSENGER,No,Delta Air Lines
HK-5378,HK-5378,AndyV,SKBO,SKCG,354.0,124,2:04 h,2026-01-24 01:23:00,2026-01-24 03:27:00,A20N,Airbus,A320-251N,PASSENGER,No,Avianca
HK-5378,HK-5378,AndyV,MPTO,SKBO,407.0,84,1:24 h,2026-01-23 23:45:00,2026-01-24 01:09:00,A20N,Airbus,A320-251N,PASSENGER,No,Avianca
N581UW,N581UW,Jay6zero,KCLT,KLGA,472.0,93,1:33 h,2026-01-23 22:54:00,2026-01-24 00:27:00,A321,Airbus,321-231,PASSENGER,No,American Airlines
N569DZ,N569DZ,Aaron1362041,KLAX,KBOS,2264.0,295,4:55 h,2026-01-23 20:57:00,2026-01-24 01:52:00,A359,Airbus,A350-900,PASSENGER,No,Delta Air Lines
EI-DVM,EI-DVM,alphagolfcharlie,EIDW,EKCH,670.0,149,2:29 h,2026-01-23 20:46:00,2026-01-23 23:15:00,A320,Airbus,A320-214,PASSENGER,No,Aer Lingus
D-ABNN,D-ABNN,AndyV,EDDB,EDDL,258.0,78,1:18 h,2026-01-23 20:23:00,2026-01-23 21:41:00,A320,Airbus,A320,PASSENGER,No,Eurowings
N895UA,N895UA,dart,KDEN,KSLC,338.0,88,1:28 h,2026-01-23 20:08:00,2026-01-23 21:36:00,A319,Airbus,A319-132,PASSENGER,No,United Airlines
CC-COD,CC-COD,AndyV,SABE,SULS,164.0,47,0:47 h,2026-01-24 17:53:00,2026-01-24 18:41:00,A320,Airbus,A320,PASSENGER,No,LATAM Airlines Brasil
N920NK,N920NK,dart,KBNA,KMCO,536.0,109,1:49 h,2026-01-24 17:14:00,2026-01-24 19:04:00,A320,Airbus,A320,PASSENGER,No,Spirit Airlines
A6-EBK,A6-EBK,AndyV,OMDB,OERK,471.0,130,2:10 h,2026-01-24 15:22:00,2026-01-24 17:32:00,B77W,Boeing,777-300ER,PASSENGER,No,Emirates
F-GKXC,F-GKXC,1293211,EDDM,ELLX,232.0,74,1:14 h,2026-01-24 13:20:00,2026-01-24 14:34:00,A320,Airbus,A320,PASSENGER,No,Air France
N78004,N78004,Lyra,OMDB,KEWR,5950.0,962,16:02 h,2026-01-24 12:21:00,2026-01-25 04:23:00,B772,Boeing,777-200,PASSENGER,No,United Airlines
F-GKXC,F-GKXC,1293211,EPZG,EDDM,274.0,81,1:21 h,2026-01-24 11:46:00,2026-01-24 13:08:00,A320,Airbus,A320,PASSENGER,No,Air France
G-DBCA,G-DBCA,alphagolfcharlie,EKCH,EGLL,528.0,143,2:23 h,2026-01-24 10:57:00,2026-01-24 13:21:00,A319,Airbus,A319,PASSENGER,No,British Airways
N510DE,N510DE,Jay6zero,KATL,KJFK,659.0,111,1:51 h,2026-01-24 09:51:00,2026-01-24 11:42:00,A21N,Airbus,A321-271NX,PASSENGER,No,Delta Air Lines
N504JB,N504JB,AndyV,MYNN,KFLL,158.0,68,1:08 h,2026-01-24 05:31:00,2026-01-24 06:39:00,A320,Airbus,A320,PASSENGER,No,Jetblue
N302DN,N302DN,Jay6zero,KJFK,MDST,1285.0,200,3:20 h,2026-01-24 05:11:00,2026-01-24 08:32:00,A321,Airbus,A321,PASSENGER,No,Delta Air Lines
N880FD,N880FD,Aaron1362041,KBOS,KMEM,988.0,205,3:25 h,2026-01-25 19:31:00,2026-01-25 22:56:00,B77L,Boeing,777-200F,FREIGHTER,No,FedEx
G-EZTJ,G-EZTJ,AndyV,EGKK,EHAM,196.0,76,1:16 h,2026-01-25 18:51:00,2026-01-25 20:07:00,A320,Airbus,A320,PASSENGER,No,easyJet
N626AS,N626AS,KDTW_Al,KSEA,KBZN,470.0,90,1:30 h,2026-01-25 17:57:00,2026-01-25 19:27:00,B737,Boeing,737-790(BDSF),FREIGHTER,No,Alaska Airlines
N209UA,N209UA,Lyra,KEWR,KORD,623.0,171,2:51 h,2026-01-25 14:04:00,2026-01-25 16:55:00,B772,Boeing,777-200,PASSENGER,No,United Airlines
N581UW,N581UW,Jay6zero,KLGA,KCLT,472.0,118,1:58 h,2026-01-25 01:23:00,2026-01-25 03:21:00,A321,Airbus,321-231,PASSENGER,No,American Airlines
N469AS,N469AS,AndyV,KLAX,KPDX,725.0,165,2:45 h,2026-01-24 22:40:00,2026-01-25 01:26:00,B739,Boeing,737-900,PASSENGER,No,Alaska Airlines
N875FD,N875FD,Mark3568,KONT,KPDX,729.0,159,2:39 h,2026-01-24 21:10:00,2026-01-24 23:50:00,B77L,Boeing,777-F,FREIGHTER,No,FedEx
N76288,N76288,Jay6zero,KIAD,KEWR,184.0,58,0:58 h,2026-01-24 20:55:00,2026-01-24 21:54:00,B738,Boeing,737-800,PASSENGER,No,United Airlines
OE-LBO,OE-LBO,AndyV,LOWW,EDDF,335.0,90,1:30 h,2026-01-24 20:05:00,2026-01-24 21:36:00,A320,Airbus,A320-214,PASSENGER,No,Austrian
CC-COD,CC-COD,AndyV,SULS,SABE,164.0,55,0:55 h,2026-01-24 18:54:00,2026-01-24 19:49:00,A320,Airbus,A320,PASSENGER,No,LATAM Airlines Brasil
N817EM,N817EM,jimmy_carrot,EKCH,LSZS,555.0,112,1:52 h,2026-01-27 08:31:00,2026-01-27 10:23:00,LJ35,Learjet,35A,PASSENGER,Yes,
N2MK,N2MK,V1RotateAP,KSNA,KDAG,88.0,48,0:48 h,2026-01-27 03:42:00,2026-01-27 04:31:00,P180,Piaggio,P-180 Avanti,PASSENGER,Yes,
N381DN,N381DN,KDTW_Al,KMEM,KRIC,629.0,111,1:51 h,2026-01-27 00:08:00,2026-01-27 02:00:00,B738,Boeing,737-832,PASSENGER,No,Delta Air Lines
N784UA,N784UA,Lyra,KSFO,LEBL,5175.0,703,11:43 h,2026-01-26 15:20:00,2026-01-27 03:03:00,B772,Boeing,777-200,PASSENGER,No,United Airlines
OE-EKA,OE-EKA,jimmy_carrot,EDAZ,EDLV,262.0,77,1:17 h,2026-01-26 08:47:00,2026-01-26 10:05:00,TBM9,Daher,TBM 960,PASSENGER,Yes,
N892FD,N892FD,Jay6zero,KEWR,KCLT,459.0,135,2:15 h,2026-01-26 01:36:00,2026-01-26 03:52:00,B77L,Boeing,777-FS2,FREIGHTER,No,FedEx
N802NW,N802NW,AndyV,KLAS,KATL,1514.0,213,3:33 h,2026-01-26 01:09:00,2026-01-26 04:42:00,A333,Airbus,A330-323,PASSENGER,No,Delta Air Lines
N77ZE,N77ZE,alchemydc,KASE,KBJC,90.0,106,1:46 h,2026-01-25 23:03:00,2026-01-26 00:50:00,PC12,Pilatus,PC-12/45,PASSENGER,Yes,
N784UA,N784UA,Lyra,KORD,KSFO,1600.0,307,5:07 h,2026-01-25 22:25:00,2026-01-26 03:32:00,B772,Boeing,777-200,PASSENGER,No,United Airlines
PR-GXK,PR-GXK,AndyV,SBGR,SACO,1055.0,193,3:13 h,2026-01-25 20:56:00,2026-01-26 00:10:00,B38M,Boeing,737-8EH,PASSENGER,No,GOL
N510DE,N510DE,AndyV,KJFK,KBOS,162.0,88,1:28 h,2026-01-27 23:18:00,2026-01-28 00:46:00,A21N,Airbus,A321-271NX,PASSENGER,No,Delta Air Lines
EI-HXA,EI-HXA,AndyV,LIRF,LIPZ,222.0,66,1:06 h,2026-01-27 21:26:00,2026-01-27 22:32:00,A21N,Airbus,A321-271NX,PASSENGER,No,ITA Airways
N2MK,N2MK,V1RotateAP,KGJT,KCOS,179.0,57,0:57 h,2026-01-27 19:48:00,2026-01-27 20:46:00,P180,Piaggio,P-180 Avanti,PASSENGER,Yes,
N817EM,N817EM,jimmy_carrot,EDDB,EDDK,253.0,75,1:15 h,2026-01-27 19:36:00,2026-01-27 20:52:00,LJ35,Learjet,35A,PASSENGER,Yes,
N2MK,N2MK,V1RotateAP,KSLC,KGJT,187.0,47,0:47 h,2026-01-27 18:37:00,2026-01-27 19:24:00,P180,Piaggio,P-180 Avanti,PASSENGER,Yes,
N817EM,N817EM,jimmy_carrot,LSZS,EDDB,377.0,81,1:21 h,2026-01-27 17:58:00,2026-01-27 19:20:00,LJ35,Learjet,35A,PASSENGER,Yes,
N2MK,N2MK,V1RotateAP,KDAG,KSLC,422.0,133,2:13 h,2026-01-27 16:15:00,2026-01-27 18:28:00,P180,Piaggio,P-180 Avanti,PASSENGER,Yes,
N817EM,N817EM,jimmy_carrot,LSZS,LSZS,0.0,104,1:44 h,2026-01-27 13:15:00,2026-01-27 15:00:00,LJ35,Learjet,35A,PASSENGER,Yes,
N784UA,N784UA,Lyra,LEBL,KSFO,5175.0,691,11:31 h,2026-01-27 12:28:00,2026-01-28 00:00:00,B772,Boeing,777-200,PASSENGER,No,United Airlines
N709PS,N709PS,Jay6zero,KDCA,KJFK,184.0,59,0:59 h,2026-01-27 08:38:00,2026-01-27 09:37:00,CRJ7,Bombardier,CRJ-701ER,PASSENGER,No,American Airlines
N2MK,N2MK,V1RotateAP,KLAA,KLBL,102.0,31,0:31 h,2026-01-28 18:39:00,2026-01-28 19:10:00,P180,Piaggio,P-180 Avanti,PASSENGER,Yes,
N2MK,N2MK,V1RotateAP,KCOS,KLAA,104.0,30,0:30 h,2026-01-28 17:43:00,2026-01-28 18:14:00,P180,Piaggio,P-180 Avanti,PASSENGER,Yes,
N770AN,N770AN,JakeWithplanes,KLAX,MMSD,792.0,149,2:29 h,2026-01-28 16:55:00,2026-01-28 19:25:00,B772,Boeing,777-200,PASSENGER,No,American Airlines
N784UA,N784UA,Lyra,KSFO,KEWR,2223.0,305,5:05 h,2026-01-28 15:51:00,2026-01-28 20:57:00,B772,Boeing,777-200,PASSENGER,No,United Airlines
N817EM,N817EM,jimmy_carrot,EDDK,LSZA,300.0,91,1:31 h,2026-01-28 09:35:00,2026-01-28 11:06:00,LJ35,Learjet,35A,PASSENGER,Yes,
N548NN,N548NN,Pandonaut,KGPT,KDFW,433.0,129,2:09 h,2026-01-28 05:23:00,2026-01-28 07:32:00,CRJ9,Bombardier,CRJ-900LR,PASSENGER,No,American Airlines
F-GZNU,F-GZNU,JakeWithplanes,LFPG,KSFO,4839.0,691,11:31 h,2026-01-28 04:39:00,2026-01-28 16:10:00,B77W,Boeing,777-300ER,PASSENGER,No,Air France
N510DE,N510DE,Jay6zero,KATL,KJFK,659.0,115,1:55 h,2026-01-28 04:35:00,2026-01-28 06:30:00,A21N,Airbus,A321-271NX,PASSENGER,No,Delta Air Lines
N510DE,N510DE,AndyV,KBOS,KATL,821.0,186,3:06 h,2026-01-28 01:28:00,2026-01-28 04:34:00,A21N,Airbus,A321-271NX,PASSENGER,No,Delta Air Lines
N234QS,N234QS,Lyra,KMMU,KFCI,249.0,106,1:46 h,2026-01-28 00:54:00,2026-01-28 02:40:00,CL60,Bombardier,Challenger 650,PASSENGER,No,NetJets Aviation
N766RA,N766RA,cautionwake,KGSP,KTYS,102.0,50,0:50 h,2026-01-29 01:53:00,2026-01-29 02:43:00,FA20,Dassault,Falcon 20,PASSENGER,No,Royal Air Freight
N399DA,N399DA,KDTW_Al,CYYZ,KTYS,513.0,91,1:31 h,2026-01-29 01:00:00,2026-01-29 02:31:00,B738,Boeing,737-832,PASSENGER,No,Delta Air Lines
N77ZE,N77ZE,alchemydc,KBJC,KSLC,318.0,141,2:21 h,2026-01-29 00:57:00,2026-01-29 03:18:00,PC12,Pilatus,PC-12/45,PASSENGER,Yes,
N510DE,N510DE,Jay6zero,KJFK,MDST,1285.0,216,3:36 h,2026-01-28 23:10:00,2026-01-29 02:46:00,A21N,Airbus,A321-271NX,PASSENGER,No,Delta Air Lines
N76288,N76288,Lyra,KEWR,KPBI,891.0,176,2:56 h,2026-01-28 22:57:00,2026-01-29 01:54:00,B738,Boeing,737-800,PASSENGER,No,United Airlines
N581UW,N581UW,JakeWithplanes,KORD,KBOS,751.0,150,2:30 h,2026-01-28 22:08:00,2026-01-29 00:39:00,A321,Airbus,321-231,PASSENGER,No,American Airlines
N2MK,N2MK,V1RotateAP,KICT,KEMP,71.0,26,0:26 h,2026-01-28 21:39:00,2026-01-28 22:05:00,P180,Piaggio,P-180 Avanti,PASSENGER,Yes,
N2MK,N2MK,V1RotateAP,KLBL,KICT,172.0,43,0:43 h,2026-01-28 20:53:00,2026-01-28 21:37:00,P180,Piaggio,P-180 Avanti,PASSENGER,Yes,
C-GMIU,C-GMIU,Aaron1362041,KSFO,CYUL,2200.0,324,5:24 h,2026-01-28 20:23:00,2026-01-29 01:48:00,B38M,Boeing,737 MAX 8,PASSENGER,No,Air Canada
N581UW,N581UW,JakeWithplanes,KCLT,KORD,520.0,129,2:09 h,2026-01-28 19:50:00,2026-01-28 21:59:00,A321,Airbus,321-231,PASSENGER,No,American Airlines
N234QS,N234QS,Lyra,KFCI,KORD,551.0,132,2:12 h,2026-01-29 21:05:00,2026-01-29 23:18:00,CL60,Bombardier,Challenger 650,PASSENGER,No,NetJets Aviation
N2MK,N2MK,V1RotateAP,KIRK,KORD,238.0,64,1:04 h,2026-01-29 20:32:00,2026-01-29 21:37:00,P180,Piaggio,P-180 Avanti,PASSENGER,Yes,
N317US,N317US,Jay6zero,SC00,KCLT,61.0,24,0:24 h,2026-01-29 19:40:00,2026-01-29 20:05:00,A320,Airbus,A320,PASSENGER,No,Delta Air Lines
N2MK,N2MK,V1RotateAP,KMKC,KIRK,111.0,36,0:36 h,2026-01-29 17:13:00,2026-01-29 17:50:00,P180,Piaggio,P-180 Avanti,PASSENGER,Yes,
N57857,N57857,PilotDeviation,KIAH,KEWR,1215.0,212,3:32 h,2026-01-29 16:25:00,2026-01-29 19:58:00,B753,Boeing,757-300,PASSENGER,No,United Airlines
N2MK,N2MK,V1RotateAP,KEMP,KMKC,88.0,37,0:37 h,2026-01-29 16:22:00,2026-01-29 16:59:00,P180,Piaggio,P-180 Avanti,PASSENGER,Yes,
N17105,N17105,Lyra,KEWR,KORD,623.0,134,2:14 h,2026-01-29 16:01:00,2026-01-29 18:16:00,B752,Boeing,757-200,PASSENGER,No,United Airlines
N219YX,N219YX,JakeWithplanes,KDTW,KCMH,134.0,54,0:54 h,2026-01-29 15:34:00,2026-01-29 16:29:00,E75L,Embraer,ERJ-175LR,PASSENGER,No,Delta Air Lines
N920NK,N920NK,Jay6zero,KMCO,KFLL,154.0,50,0:50 h,2026-01-29 07:30:00,2026-01-29 08:21:00,A320,Airbus,A320,PASSENGER,No,Spirit Airlines
N76288,N76288,Lyra,KPBI,KEWR,891.0,166,2:46 h,2026-01-29 01:59:00,2026-01-29 04:45:00,B738,Boeing,737-800,PASSENGER,No,United Airlines
N66057,N66057,Lyra,KEWR,EGLL,3003.0,418,6:58 h,2026-01-30 15:19:00,2026-01-30 22:17:00,B764,Boeing,767-424ER,PASSENGER,No,United Airlines
N817EM,N817EM,jimmy_carrot,LSZA,LFMN,158.0,59,0:59 h,2026-01-30 14:25:00,2026-01-30 15:24:00,LJ35,Learjet,35A,PASSENGER,Yes,
N234QS,N234QS,Lyra,KRSW,KEWR,929.0,156,2:36 h,2026-01-30 12:20:00,2026-01-30 14:56:00,CL60,Bombardier,Challenger 650,PASSENGER,No,NetJets Aviation
N972UY,N972UY,Jay6zero,KLGA,KCLT,472.0,92,1:32 h,2026-01-30 02:54:00,2026-01-30 04:27:00,A321,Airbus,A321,PASSENGER,No,American Airlines
N752AN,N752AN,AndyV,KMIA,KCLT,566.0,116,1:56 h,2026-01-30 02:28:00,2026-01-30 04:24:00,B772,Boeing,777-200,PASSENGER,No,American Airlines
N972UY,N972UY,Jay6zero,KDCA,KLGA,186.0,73,1:13 h,2026-01-30 01:34:00,2026-01-30 02:47:00,A321,Airbus,A321,PASSENGER,No,American Airlines
N752AN,N752AN,AndyV,KDFW,KMIA,973.0,139,2:19 h,2026-01-29 23:54:00,2026-01-30 02:13:00,B772,Boeing,777-200,PASSENGER,No,American Airlines
N234QS,N234QS,Lyra,KORD,KRSW,975.0,163,2:43 h,2026-01-29 23:26:00,2026-01-30 02:09:00,CL60,Bombardier,Challenger 650,PASSENGER,No,NetJets Aviation
N880FD,N880FD,Aaron1362041,KMEM,CYYZ,705.0,126,2:06 h,2026-01-29 23:09:00,2026-01-30 01:15:00,B77L,Boeing,777-200F,FREIGHTER,No,FedEx
EI-HXA,EI-HXA,AndyV,LIPZ,LIRF,222.0,58,0:58 h,2026-01-29 21:19:00,2026-01-29 22:17:00,A21N,Airbus,A321-271NX,PASSENGER,No,ITA Airways
N691NK,N691NK,Jay6zero,KLGA,KCLT,472.0,124,2:04 h,2026-01-31 01:04:00,2026-01-31 03:08:00,A320,Airbus,A320,PASSENGER,No,Spirit Airlines
N770AN,N770AN,JakeWithplanes,MMSD,KDFW,889.0,144,2:24 h,2026-01-30 23:39:00,2026-01-31 02:03:00,B772,Boeing,777-200,PASSENGER,No,American Airlines
N234QS,N234QS,Lyra,KEWR,KILG,89.0,47,0:47 h,2026-01-30 23:33:00,2026-01-31 00:20:00,CL60,Bombardier,Challenger 650,PASSENGER,No,NetJets Aviation
N77ZE,N77ZE,alchemydc,KSLC,KBAM,223.0,96,1:36 h,2026-01-30 22:58:00,2026-01-31 00:34:00,PC12,Pilatus,PC-12/45,PASSENGER,Yes,
N752AN,N752AN,Jay6zero,KCLT,KJFK,470.0,141,2:21 h,2026-01-30 22:30:00,2026-01-31 00:51:00,B772,Boeing,777-200,PASSENGER,No,American Airlines
VH-NPN,VH-NPN,Jay6zero,YMEN,YMMB,17.0,13,0:13 h,2026-01-30 21:46:00,2026-01-30 22:00:00,C172,Cessna,172S Skyhawk SP,PASSENGER,Yes,
N2MK,N2MK,V1RotateAP,KBUF,KGFL,225.0,61,1:01 h,2026-01-30 18:02:00,2026-01-30 19:03:00,P180,Piaggio,P-180 Avanti,PASSENGER,Yes,
D-AIRA,D-AIRA,AndyV,EETN,EDDF,793.0,148,2:28 h,2026-01-30 17:22:00,2026-01-30 19:51:00,A321,Airbus,A321,PASSENGER,No,Lufthansa
N2MK,N2MK,V1RotateAP,KORD,KBUF,410.0,86,1:26 h,2026-01-30 16:33:00,2026-01-30 18:00:00,P180,Piaggio,P-180 Avanti,PASSENGER,Yes,
N817EM,N817EM,jimmy_carrot,LFMN,LSZA,158.0,53,0:53 h,2026-01-30 15:27:00,2026-01-30 16:20:00,LJ35,Learjet,35A,PASSENGER,Yes,
N302DN,N302DN,Jay6zero,MDST,KMIA,659.0,123,2:03 h,2026-02-01 01:00:00,2026-02-01 03:04:00,A321,Airbus,A321,PASSENGER,No,Delta Air Lines
N77ZE,N77ZE,alchemydc,KRBL,KTVL,128.0,40,0:40 h,2026-01-31 22:56:00,2026-01-31 23:36:00,PC12,Pilatus,PC-12/45,PASSENGER,Yes,
N817EM,N817EM,jimmy_carrot,EPKK,LOWI,374.0,105,1:45 h,2026-01-31 20:36:00,2026-01-31 22:21:00,LJ35,Learjet,35A,PASSENGER,Yes,
N77ZE,N77ZE,sesim,KBAM,KRBL,247.0,102,1:42 h,2026-01-31 19:30:00,2026-01-31 21:13:00,PC12,Pilatus,PC-12/45,PASSENGER,Yes,
N817EM,N817EM,jimmy_carrot,LOWI,EPKK,374.0,113,1:53 h,2026-01-31 18:19:00,2026-01-31 20:12:00,LJ35,Learjet,35A,PASSENGER,Yes,
N66057,N66057,Lyra,EGLL,KEWR,3003.0,449,7:29 h,2026-01-31 18:17:00,2026-02-01 01:46:00,B764,Boeing,767-424ER,PASSENGER,No,United Airlines
N895UA,N895UA,dart,KSLC,KLAX,512.0,102,1:42 h,2026-01-31 16:58:00,2026-01-31 18:41:00,A319,Airbus,A319-132,PASSENGER,No,United Airlines
N817EM,N817EM,jimmy_carrot,LDSP,LOWI,305.0,79,1:19 h,2026-01-31 16:53:00,2026-01-31 18:13:00,LJ35,Learjet,35A,PASSENGER,Yes,
N817EM,N817EM,jimmy_carrot,LSZA,LDSP,347.0,81,1:21 h,2026-01-31 15:28:00,2026-01-31 16:49:00,LJ35,Learjet,35A,PASSENGER,Yes,
N930DX,N930DX,jimmy_carrot,KEUG,KPSC,215.0,81,1:21 h,2026-01-31 06:12:00,2026-01-31 07:33:00,TBM9,Daher,TBM 930,PASSENGER,Yes,
N510DE,N510DE,Jay6zero,MDST,KJFK,1285.0,192,3:12 h,2026-02-01 21:52:00,2026-02-02 01:05:00,A21N,Airbus,A321-271NX,PASSENGER,No,Delta Air Lines
CC-BEA,CC-BEA,AndyV,SCEL,SAME,105.0,57,0:57 h,2026-02-01 21:39:00,2026-02-01 22:37:00,A321,Airbus,A321,PASSENGER,No,LATAM Airlines Brasil
N234QS,N234QS,Lyra,KIAD,KCLE,250.0,67,1:07 h,2026-02-01 18:25:00,2026-02-01 19:33:00,CL60,Bombardier,Challenger 650,PASSENGER,No,NetJets Aviation
N234QS,N234QS,Lyra,KCHS,KIAD,384.0,84,1:24 h,2026-02-01 16:41:00,2026-02-01 18:05:00,CL60,Bombardier,Challenger 650,PASSENGER,No,NetJets Aviation
N817EM,N817EM,jimmy_carrot,LIML,LEMG,814.0,217,3:37 h,2026-02-01 14:39:00,2026-02-01 18:16:00,LJ35,Learjet,35A,PASSENGER,Yes,
N717UW,N717UW,dart,KDCA,KCLT,287.0,76,1:16 h,2026-02-01 14:22:00,2026-02-01 15:38:00,A319,Airbus,A319,PASSENGER,No,American Airlines
N234QS,N234QS,Lyra,KEWR,KCHS,546.0,132,2:12 h,2026-02-01 14:19:00,2026-02-01 16:31:00,CL60,Bombardier,Challenger 650,PASSENGER,No,NetJets Aviation
N817EM,N817EM,jimmy_carrot,LOWI,LIML,138.0,51,0:51 h,2026-02-01 13:43:00,2026-02-01 14:34:00,LJ35,Learjet,35A,PASSENGER,Yes,
N234QS,N234QS,Lyra,KILG,KEWR,89.0,76,1:16 h,2026-02-01 03:16:00,2026-02-01 04:32:00,CL60,Bombardier,Challenger 650,PASSENGER,No,NetJets Aviation
N77ZE,N77ZE,sesim,KTVL,KCVH,137.0,68,1:08 h,2026-02-01 02:40:00,2026-02-01 03:48:00,PC12,Pilatus,PC-12/45,PASSENGER,Yes,
N2MK,N2MK,V1RotateAP,KGFL,13ME,219.0,43,0:43 h,2026-02-02 19:44:00,2026-02-02 20:27:00,P180,Piaggio,P-180 Avanti,PASSENGER,Yes,
OE-LBN,OE-LBN,AndyV,EKCH,LOWW,473.0,107,1:47 h,2026-02-02 18:27:00,2026-02-02 20:15:00,A320,Airbus,A320-214,PASSENGER,No,Austrian
G-EZIY,G-EZIY,1569397,EGKK,LEMD,654.0,167,2:47 h,2026-02-02 16:56:00,2026-02-02 19:43:00,A319,Airbus,A319,PASSENGER,No,easyJet
N74007,N74007,Lyra,KSFO,NZCH,6019.0,776,12:56 h,2026-02-02 13:58:00,2026-02-03 02:55:00,B772,Boeing,777-200,PASSENGER,No,United Airlines
VH-VWT,VH-VWT,Jay6zero,YMML,YSSY,380.0,125,2:05 h,2026-02-02 06:44:00,2026-02-02 08:49:00,A321,Airbus,A321,PASSENGER,No,Jetstar
N74007,N74007,Lyra,KCLE,KSFO,1873.0,299,4:59 h,2026-02-01 23:50:00,2026-02-02 04:49:00,B772,Boeing,777-200,PASSENGER,No,United Airlines
N77ZE,N77ZE,alchemydc,KCVH,KSBA,166.0,106,1:46 h,2026-02-01 23:11:00,2026-02-02 00:57:00,PC12,Pilatus,PC-12/45,PASSENGER,Yes,
N880FD,N880FD,Aaron1362041,CYYZ,KLAX,1886.0,318,5:18 h,2026-02-01 22:46:00,2026-02-02 04:05:00,B77L,Boeing,777-200F,FREIGHTER,No,FedEx
N74007,N74007,Lyra,KORD,KCLE,273.0,74,1:14 h,2026-02-01 22:23:00,2026-02-01 23:38:00,B772,Boeing,777-200,PASSENGER,No,United Airlines
C-FOLO,C-FOLO,bradfier,EFHK,EGLF,1014.0,154,2:34 h,2026-02-01 21:55:00,2026-02-02 00:30:00,C750,Cessna,Citation X,PASSENGER,Yes,
EI-HXA,EI-HXA,AndyV,LSZH,LIRF,374.0,120,2:00 h,2026-02-03 20:11:00,2026-02-03 22:11:00,A21N,Airbus,A321-271NX,PASSENGER,No,ITA Airways
EI-HXA,EI-HXA,AndyV,LIRF,LSZH,374.0,112,1:52 h,2026-02-03 18:02:00,2026-02-03 19:54:00,A21N,Airbus,A321-271NX,PASSENGER,No,ITA Airways
N2MK,N2MK,V1RotateAP,13ME,CYZV,302.0,74,1:14 h,2026-02-03 16:10:00,2026-02-03 17:25:00,P180,Piaggio,P-180 Avanti,PASSENGER,Yes,
N676NK,N676NK,Jay6zero,KEWR,KCLT,459.0,154,2:34 h,2026-02-03 16:00:00,2026-02-03 18:35:00,A321,Airbus,A321,PASSENGER,No,Spirit Airlines
N74007,N74007,Lyra,NZCH,KSFO,6019.0,802,13:22 h,2026-02-03 12:07:00,2026-02-04 01:30:00,B772,Boeing,777-200,PASSENGER,No,United Airlines
N966NN,N966NN,AndyV,KDFW,KMEM,374.0,107,1:47 h,2026-02-03 01:23:00,2026-02-03 03:11:00,B738,Boeing,737-800,PASSENGER,No,American Airlines
N880FD,N880FD,Aaron1362041,KDEN,KBOS,1520.0,212,3:32 h,2026-02-03 00:37:00,2026-02-03 04:10:00,B77L,Boeing,777-200F,FREIGHTER,No,FedEx
N972UY,N972UY,AndyV,KCLT,KRDU,112.0,58,0:58 h,2026-02-02 23:31:00,2026-02-03 00:29:00,A321,Airbus,A321,PASSENGER,No,American Airlines
N880FD,N880FD,Aaron1362041,KLAX,KDEN,747.0,121,2:01 h,2026-02-02 22:11:00,2026-02-03 00:12:00,B77L,Boeing,777-200F,FREIGHTER,No,FedEx
OE-LBN,OE-LBN,AndyV,LOWW,LIRF,420.0,112,1:52 h,2026-02-02 20:50:00,2026-02-02 22:43:00,A320,Airbus,A320-214,PASSENGER,No,Austrian
N930DX,N930DX,ItchyEye,KPSC,KPVU,485.0,111,1:51 h,2026-02-04 09:39:00,2026-02-04 11:30:00,TBM9,Daher,TBM 930,PASSENGER,Yes,
94-0066,94-0066,1873493,KDOV,KMEM,736.0,185,3:05 h,2026-02-04 04:15:00,2026-02-04 07:21:00,C17,McDonnell Douglas,C-17 Globemaster,MILITARY,No,United States Air Force
N204CM,N204CM,V1RotateAP,KSBA,KSBP,62.0,33,0:33 h,2026-02-04 03:58:00,2026-02-04 04:31:00,C172,Cessna,172M Skyhawk,PASSENGER,Yes,
N322NV,N322NV,Mark3568,KLAS,KMRY,324.0,93,1:33 h,2026-02-04 03:26:00,2026-02-04 04:59:00,A319,Airbus,A319-111,PASSENGER,No,Allegiant Air
N204CM,N204CM,V1RotateAP,KLAX,KSBA,76.0,46,0:46 h,2026-02-04 03:11:00,2026-02-04 03:58:00,C172,Cessna,172M Skyhawk,PASSENGER,Yes,
N204CM,N204CM,V1RotateAP,KHHR,KLAX,3.0,20,0:20 h,2026-02-04 02:49:00,2026-02-04 03:10:00,C172,Cessna,172M Skyhawk,PASSENGER,Yes,
N381DN,N381DN,KDTW_Al,KRIC,CYYZ,385.0,94,1:34 h,2026-02-03 23:56:00,2026-02-04 01:30:00,B738,Boeing,737-832,PASSENGER,No,Delta Air Lines
N859GT,N859GT,bradfier,CYYZ,CYYZ,0.0,77,1:17 h,2026-02-03 22:23:00,2026-02-03 23:41:00,B748,Boeing,747-87UF,FREIGHTER,No,Atlas Air
N2MK,N2MK,V1RotateAP,CYZV,CYVP,478.0,101,1:41 h,2026-02-03 21:51:00,2026-02-03 23:32:00,P180,Piaggio,P-180 Avanti,PASSENGER,Yes,
N702UW,N702UW,dart,KDFW,KDEN,557.0,117,1:57 h,2026-02-03 20:40:00,2026-02-03 22:37:00,A319,Airbus,A319,PASSENGER,No,American Airlines
N198NV,N198NV,nam1900,KLAS,KSAN,224.0,97,1:37 h,2026-02-05 04:20:00,2026-02-05 05:58:00,A320,Airbus,A320-214,PASSENGER,No,Allegiant Air
N875FD,N875FD,Mark3568,KPDX,KONT,729.0,135,2:15 h,2026-02-05 02:45:00,2026-02-05 05:01:00,B77L,Boeing,777-F,FREIGHTER,No,FedEx
N927DZ,N927DZ,KDTW_Al,KSAT,MMMX,607.0,119,1:59 h,2026-02-05 01:14:00,2026-02-05 03:13:00,B739,Boeing,737-900,PASSENGER,No,Delta Air Lines
N125UW,N125UW,dart,KDFW,KSDF,635.0,122,2:02 h,2026-02-04 20:49:00,2026-02-04 22:52:00,A320,Airbus,A320,PASSENGER,No,American Airlines
N204CM,N204CM,V1RotateAP,KMRY,KSFO,66.0,55,0:55 h,2026-02-04 20:36:00,2026-02-04 21:31:00,C172,Cessna,172M Skyhawk,PASSENGER,Yes,
92-3292,92-3292,Somebody,KDOV,KMEM,736.0,147,2:27 h,2026-02-04 20:22:00,2026-02-04 22:49:00,C17,McDonnell Douglas,C-17 Globemaster,MILITARY,No,United States Air Force
N74007,N74007,Lyra,KSFO,KEWR,2223.0,336,5:36 h,2026-02-04 19:59:00,2026-02-05 01:35:00,B772,Boeing,777-200,PASSENGER,No,United Airlines
N204CM,N204CM,V1RotateAP,KSBP,KMRY,99.0,56,0:56 h,2026-02-04 19:37:00,2026-02-04 20:34:00,C172,Cessna,172M Skyhawk,PASSENGER,Yes,
N652MK,N652MK,PilotDeviation,KSEA,KYKM,89.0,42,0:42 h,2026-02-04 15:25:00,2026-02-04 16:08:00,E75L,Embraer,ERJ-170-200LR,PASSENGER,No,Alaska Airlines
N930DX,N930DX,ItchyEye,KPVU,KGJT,161.0,79,1:19 h,2026-02-04 12:10:00,2026-02-04 13:30:00,TBM9,Daher,TBM 930,PASSENGER,Yes,
N17105,N17105,Lyra,KAUS,KEWR,1305.0,200,3:20 h,2026-02-05 20:32:00,2026-02-05 23:52:00,B752,Boeing,757-200,PASSENGER,No,United Airlines
N2MK,N2MK,V1RotateAP,CYVP,CYFB,339.0,82,1:22 h,2026-02-05 19:30:00,2026-02-05 20:52:00,P180,Piaggio,P-180 Avanti,PASSENGER,Yes,
N817EM,N817EM,jimmy_carrot,LPPR,LEBB,284.0,79,1:19 h,2026-02-05 19:23:00,2026-02-05 20:42:00,LJ35,Learjet,35A,PASSENGER,Yes,
N817EM,N817EM,jimmy_carrot,LPPT,LPPR,149.0,67,1:07 h,2026-02-05 18:12:00,2026-02-05 19:20:00,LJ35,Learjet,35A,PASSENGER,Yes,
N17105,N17105,Lyra,KORD,KAUS,850.0,148,2:28 h,2026-02-05 17:55:00,2026-02-05 20:24:00,B752,Boeing,757-200,PASSENGER,No,United Airlines
N204CM,N204CM,V1RotateAP,KUKI,KACV,118.0,60,1:00 h,2026-02-05 17:36:00,2026-02-05 18:37:00,C172,Cessna,172M Skyhawk,PASSENGER,Yes,
N817EM,N817EM,jimmy_carrot,LEMG,LPPT,253.0,92,1:32 h,2026-02-05 16:34:00,2026-02-05 18:06:00,LJ35,Learjet,35A,PASSENGER,Yes,
N204CM,N204CM,V1RotateAP,KSFO,KUKI,98.0,61,1:01 h,2026-02-05 16:25:00,2026-02-05 17:26:00,C172,Cessna,172M Skyhawk,PASSENGER,Yes,
N74007,N74007,Lyra,KEWR,KORD,623.0,138,2:18 h,2026-02-05 15:09:00,2026-02-05 17:27:00,B772,Boeing,777-200,PASSENGER,No,United Airlines
N198NV,N198NV,nam1900,KSAN,KFAT,272.0,73,1:13 h,2026-02-05 06:15:00,2026-02-05 07:28:00,A320,Airbus,A320-214,PASSENGER,No,Allegiant Air
N8910B,N8910B,V1RotateAP,22FA,KFLL,135.0,95,1:35 h,2026-02-06 16:41:00,2026-02-06 18:17:00,C172,Cessna,172 Skyhawk,PASSENGER,Yes,
G-EZIY,G-EZIY,1569397,LEMD,GCLP,953.0,215,3:35 h,2026-02-06 16:07:00,2026-02-06 19:42:00,A319,Airbus,A319,PASSENGER,No,easyJet
N817EM,N817EM,jimmy_carrot,LSZA,LIPZ,147.0,49,0:49 h,2026-02-06 15:41:00,2026-02-06 16:31:00,LJ35,Learjet,35A,PASSENGER,Yes,
N702UW,N702UW,dart,KDEN,KDFW,557.0,103,1:43 h,2026-02-06 15:34:00,2026-02-06 17:17:00,A319,Airbus,A319,PASSENGER,No,American Airlines
N234QS,N234QS,Lyra,KEWR,KBZN,1631.0,290,4:50 h,2026-02-06 14:48:00,2026-02-06 19:38:00,CL60,Bombardier,Challenger 650,PASSENGER,No,NetJets Aviation
N817EM,N817EM,jimmy_carrot,EGLF,LSZA,497.0,121,2:01 h,2026-02-06 13:32:00,2026-02-06 15:33:00,LJ35,Learjet,35A,PASSENGER,Yes,
N817EM,N817EM,jimmy_carrot,LEBB,EGLF,486.0,104,1:44 h,2026-02-06 11:19:00,2026-02-06 13:04:00,LJ35,Learjet,35A,PASSENGER,Yes,
CC-COD,CC-COD,AndyV,SABE,SUMU,118.0,53,0:53 h,2026-02-06 01:42:00,2026-02-06 02:35:00,A320,Airbus,A320,PASSENGER,No,LATAM Airlines Brasil
N234QS,N234QS,Lyra,KCLE,KEWR,350.0,84,1:24 h,2026-02-06 00:18:00,2026-02-06 01:43:00,CL60,Bombardier,Challenger 650,PASSENGER,No,NetJets Aviation
N321US,N321US,1381271,KMSP,KDEN,589.0,140,2:20 h,2026-02-05 22:14:00,2026-02-06 00:34:00,A320,Airbus,A320,PASSENGER,No,Delta Air Lines
D-ALFE,D-ALFE,bradfier,KJFK,KMEM,836.0,171,2:51 h,2026-02-07 16:11:00,2026-02-07 19:02:00,B77L,Boeing,777-FBT,FREIGHTER,No,Lufthansa Cargo
N505JB,N505JB,dart,KBOS,KDTW,548.0,120,2:00 h,2026-02-07 15:32:00,2026-02-07 17:33:00,A320,Airbus,A320,PASSENGER,No,Jetblue
G-GMAF,G-GMAF,TATsim,EGHI,LIPB,569.0,148,2:28 h,2026-02-07 14:32:00,2026-02-07 17:01:00,BE20,Beechcraft,B200 Super King Air,PASSENGER,Yes,
HB-IHY,HB-IHY,risson,EDDC,LSGG,422.0,100,1:40 h,2026-02-07 13:54:00,2026-02-07 15:34:00,A320,Airbus,A320-214,PASSENGER,No,Edelweiss
N412UW,N412UW,Jay6zero,KDCA,KJFK,184.0,68,1:08 h,2026-02-07 07:00:00,2026-02-07 08:09:00,A21N,Airbus,A321-253NX,PASSENGER,No,American Airlines
T7-ZEM,T7-ZEM,jimmy_carrot,LIRP,EDQM,401.0,113,1:53 h,2026-02-07 05:45:00,2026-02-07 07:39:00,TBM8,Socata,TBM 850,PASSENGER,Yes,
N475UA,N475UA,Phil,KDEN,KFSD,419.0,76,1:16 h,2026-02-07 00:31:00,2026-02-07 01:47:00,A320,Airbus,A320-232,PASSENGER,No,United Airlines
N880FD,N880FD,Aaron1362041,KBOS,KLAS,2064.0,340,5:40 h,2026-02-06 19:57:00,2026-02-07 01:37:00,B77L,Boeing,777-200F,FREIGHTER,No,FedEx
N702UW,N702UW,dart,KDFW,KMSP,741.0,147,2:27 h,2026-02-06 19:05:00,2026-02-06 21:33:00,A319,Airbus,A319,PASSENGER,No,American Airlines
N475UA,N475UA,Phil,KASE,KDEN,108.0,46,0:46 h,2026-02-06 17:59:00,2026-02-06 18:46:00,A320,Airbus,A320-232,PASSENGER,No,United Airlines
N234QS,N234QS,Lyra,KBZN,KORD,1027.0,171,2:51 h,2026-02-07 20:00:00,2026-02-07 22:51:00,CL60,Bombardier,Challenger 650,PASSENGER,No,NetJets Aviation
N9RA,N9RA,jimmy_carrot,KMEM,KSTL,223.0,79,1:19 h,2026-02-07 19:03:00,2026-02-07 20:22:00,LJ35,Learjet,35,PASSENGER,No,Royal Air Freight
SX-DNC,SX-DNC,AndyV,LGAV,LBSF,286.0,93,1:33 h,2026-02-07 18:41:00,2026-02-07 20:14:00,A320,Airbus,A320-232,PASSENGER,No,Aegean
N618FE,N618FE,cautionwake,KIAH,KMEM,407.0,98,1:38 h,2026-02-07 18:08:00,2026-02-07 19:46:00,MD11,McDonnell Douglas,MD-11(F),FREIGHTER,No,FedEx
N650FE,N650FE,Aaron1362041,CYWG,KMEM,947.0,160,2:40 h,2026-02-07 17:34:00,2026-02-07 20:14:00,A306,Airbus,A300F4-605RF,FREIGHTER,No,FedEx
N3746H,N3746H,KDTW_Al,KAUS,KMEM,485.0,93,1:33 h,2026-02-07 17:30:00,2026-02-07 19:04:00,B738,Boeing,737-832WL,PASSENGER,No,Delta Air Lines
N585DN,N585DN,Mark3568,KATL,KMEM,287.0,88,1:28 h,2026-02-07 17:23:00,2026-02-07 18:51:00,A21N,Airbus,A321-271NX,PASSENGER,No,Delta Air Lines
G-GMAF,G-GMAF,TATsim,LIPB,EGNT,711.0,219,3:39 h,2026-02-07 17:11:00,2026-02-07 20:50:00,BE20,Beechcraft,B200 Super King Air,PASSENGER,Yes,
N809MC,N809MC,Somebody,KMIA,KMEM,747.0,155,2:35 h,2026-02-07 16:59:00,2026-02-07 19:34:00,B742,Boeing,747-228F(SCD),FREIGHTER,No,Atlas Air
N9RA,N9RA,jimmy_carrot,KPTK,KMEM,550.0,118,1:58 h,2026-02-07 16:50:00,2026-02-07 18:49:00,LJ35,Learjet,35,PASSENGER,No,Royal Air Freight
130612,130612,Aaron1362041,CYQQ,CYYC,423.0,104,1:44 h,2026-02-08 22:24:00,2026-02-09 00:08:00,C30J,Lockheed Martin,CC130J Super Hercules,MILITARY,No,Canadian Air Force
LV-GKU,LV-GKU,AndyV,SABE,SAAR,154.0,56,0:56 h,2026-02-08 22:09:00,2026-02-08 23:06:00,B738,Boeing,737-887,PASSENGER,No,Aerolineas Argentinas
LV-FVO,LV-FVO,AndyV,SUMU,SABE,118.0,62,1:02 h,2026-02-08 19:56:00,2026-02-08 20:58:00,B738,Boeing,737-8SH,PASSENGER,No,Aerolineas Argentinas
OE-LBN,OE-LBN,AndyV,LIRF,LOWW,420.0,104,1:44 h,2026-02-08 17:36:00,2026-02-08 19:20:00,A320,Airbus,A320-214,PASSENGER,No,Austrian
N234QS,N234QS,Lyra,KORD,KRNO,1448.0,251,4:11 h,2026-02-08 16:34:00,2026-02-08 20:46:00,CL60,Bombardier,Challenger 650,PASSENGER,No,NetJets Aviation
16+01,16+01,bradfier,EDDK,EGVN,331.0,88,1:28 h,2026-02-08 15:13:00,2026-02-08 16:42:00,A343,Airbus,A340-313,MILITARY,No,German Air Force
VH-VWT,VH-VWT,Jay6zero,YSSY,YSCB,127.0,68,1:08 h,2026-02-08 06:44:00,2026-02-08 07:53:00,A321,Airbus,A321,PASSENGER,No,Jetstar
N514RS,N514RS,jimmy_carrot,PADU,PACD,154.0,78,1:18 h,2026-02-08 06:16:00,2026-02-08 07:34:00,STAR,Beechcraft,Starship,PASSENGER,Yes,
LV-FVO,LV-FVO,AndyV,SABE,SUMU,118.0,63,1:03 h,2026-02-07 22:12:00,2026-02-07 23:15:00,B738,Boeing,737-8SH,PASSENGER,No,Aerolineas Argentinas
HK-5378,HK-5378,AndyV,SKCG,SKBO,354.0,85,1:25 h,2026-02-07 20:31:00,2026-02-07 21:57:00,A20N,Airbus,A320-251N,PASSENGER,No,Avianca
N794UA,N794UA,Lyra,KAUS,KSFO,1304.0,222,3:42 h,2026-02-10 16:26:00,2026-02-10 20:08:00,B772,Boeing,777-222ER,PASSENGER,No,United Airlines
N794UA,N794UA,Lyra,KIAH,KAUS,121.0,54,0:54 h,2026-02-10 15:25:00,2026-02-10 16:19:00,B772,Boeing,777-222ER,PASSENGER,No,United Airlines
N234QS,N234QS,Lyra,KORD,KIAD,510.0,100,1:40 h,2026-02-10 00:32:00,2026-02-10 02:12:00,CL60,Bombardier,Challenger 650,PASSENGER,No,NetJets Aviation
N3746H,N3746H,KDTW_Al,KMEM,KDTW,530.0,115,1:55 h,2026-02-10 00:09:00,2026-02-10 02:04:00,B738,Boeing,737-832WL,PASSENGER,No,Delta Air Lines
N972UY,N972UY,AndyV,KRDU,KCLT,112.0,62,1:02 h,2026-02-09 22:45:00,2026-02-09 23:47:00,A321,Airbus,A321,PASSENGER,No,American Airlines
N920NK,N920NK,AndyV,KFLL,KTPA,171.0,57,0:57 h,2026-02-09 21:37:00,2026-02-09 22:35:00,A320,Airbus,A320,PASSENGER,No,Spirit Airlines
N234QS,N234QS,Lyra,KRNO,KORD,1448.0,190,3:10 h,2026-02-09 21:13:00,2026-02-10 00:23:00,CL60,Bombardier,Challenger 650,PASSENGER,No,NetJets Aviation
N432CA,N432CA,V1RotateAP,PHOG,HI13,74.0,62,1:02 h,2026-02-09 19:48:00,2026-02-09 20:50:00,C172,Cessna,172S Skyhawk SP,SPECIAL,No,Civil Air Patrol
G-CEDK,G-CEDK,bradfier,EGLF,EDDN,465.0,122,2:02 h,2026-02-09 18:37:00,2026-02-09 20:40:00,C750,Cessna,Citation X,SPECIAL,No,
9H-WDH,9H-WDH,AndyV,LHBP,EKCH,549.0,158,2:38 h,2026-02-09 17:38:00,2026-02-09 20:16:00,A21N,Airbus,A321-271NX,PASSENGER,No,Wizz Air
N2131X,N2131X,V1RotateAP,KS27,MT03,11.0,22,0:22 h,2026-02-11 16:25:00,2026-02-11 16:48:00,C337,Cessna,337 Super Skymaster,PASSENGER,Yes,
N332UP,N332UP,PilotDeviation,KJFK,KSDF,573.0,112,1:52 h,2026-02-11 15:02:00,2026-02-11 16:54:00,B763,Boeing,767-34AF,FREIGHTER,No,UPS
N794UA,N794UA,Lyra,KSFO,RJTT,4474.0,718,11:58 h,2026-02-11 10:18:00,2026-02-11 22:17:00,B772,Boeing,777-222ER,PASSENGER,No,United Airlines
N920NK,N920NK,Jay6zero,KTPA,KMIA,177.0,59,0:59 h,2026-02-11 05:19:00,2026-02-11 06:18:00,A320,Airbus,A320,PASSENGER,No,Spirit Airlines
N374DA,N374DA,KDTW_Al,KATL,KBTV,834.0,140,2:20 h,2026-02-11 00:14:00,2026-02-11 02:34:00,B738,Boeing,737-800,PASSENGER,No,Delta Air Lines
N506JB,N506JB,AndyV,KJFK,KBDL,92.0,65,1:05 h,2026-02-10 23:57:00,2026-02-11 01:02:00,A320,Airbus,A320,PASSENGER,No,Jetblue
N2131X,N2131X,V1RotateAP,KGPI,KS27,8.0,18,0:18 h,2026-02-10 21:26:00,2026-02-10 21:45:00,C337,Cessna,337 Super Skymaster,PASSENGER,Yes,
EI-EBG,EI-EBG,AndyV,EETN,LIMC,1009.0,189,3:09 h,2026-02-10 19:59:00,2026-02-10 23:09:00,B738,Boeing,737-800,PASSENGER,No,Ryanair
N514RS,N514RS,jimmy_carrot,PACD,PADQ,371.0,107,1:47 h,2026-02-10 19:47:00,2026-02-10 21:34:00,STAR,Beechcraft,Starship,PASSENGER,Yes,
N2MK,N2MK,V1RotateAP,CYFB,BGSF,484.0,99,1:39 h,2026-02-10 19:40:00,2026-02-10 21:20:00,P180,Piaggio,P-180 Avanti,PASSENGER,Yes,
OH-LXA,OH-LXA,AndyV,LOWI,EFHK,916.0,155,2:35 h,2026-02-12 18:14:00,2026-02-12 20:49:00,A320,Airbus,A320,PASSENGER,No,Finnair
N23615,N23615,1715941,KHUT,KFET,212.0,100,1:40 h,2026-02-12 16:03:00,2026-02-12 17:43:00,BE36,Beechcraft,A36 Bonanza,PASSENGER,Yes,
N77ZE,N77ZE,alchemydc,KSBA,KSAN,167.0,116,1:56 h,2026-02-12 03:29:00,2026-02-12 05:25:00,PC12,Pilatus,PC-12/45,PASSENGER,Yes,
N794UA,N794UA,Lyra,RJTT,PGUM,1352.0,224,3:44 h,2026-02-11 22:29:00,2026-02-12 02:14:00,B772,Boeing,777-222ER,PASSENGER,No,United Airlines
N470AN,N470AN,Jay6zero,KCLT,KLGA,472.0,96,1:36 h,2026-02-11 22:22:00,2026-02-11 23:58:00,A21N,Airbus,A321-253NX,PASSENGER,No,American Airlines
N2131X,N2131X,V1RotateAP,K8S1,K52S,22.0,16,0:16 h,2026-02-11 22:06:00,2026-02-11 22:22:00,C337,Cessna,337 Super Skymaster,PASSENGER,Yes,
N2131X,N2131X,V1RotateAP,MT03,K8S1,17.0,22,0:22 h,2026-02-11 21:43:00,2026-02-11 22:05:00,C337,Cessna,337 Super Skymaster,PASSENGER,Yes,
D-AALA,D-AALA,bradfier,EDDF,EDDP,163.0,66,1:06 h,2026-02-11 21:24:00,2026-02-11 22:30:00,B77L,Boeing,777-FZN,FREIGHTER,No,AeroLogic
N2MK,N2MK,V1RotateAP,BGKK,BIRF,336.0,68,1:08 h,2026-02-11 19:24:00,2026-02-11 20:32:00,P180,Piaggio,P-180 Avanti,PASSENGER,Yes,
N2MK,N2MK,V1RotateAP,BGSF,BGKK,338.0,70,1:10 h,2026-02-11 16:50:00,2026-02-11 18:01:00,P180,Piaggio,P-180 Avanti,PASSENGER,Yes,
N514RS,N514RS,jimmy_carrot,PASI,CYCG,785.0,189,3:09 h,2026-02-13 04:29:00,2026-02-13 07:39:00,STAR,Beechcraft,Starship,PASSENGER,Yes,
N706JB,N706JB,AndyV,KJFK,KBOS,162.0,57,0:57 h,2026-02-13 03:19:00,2026-02-13 04:16:00,A320,Airbus,A320-232,PASSENGER,No,Jetblue
N706JB,N706JB,AndyV,KBUF,KJFK,261.0,76,1:16 h,2026-02-13 01:45:00,2026-02-13 03:01:00,A320,Airbus,A320-232,PASSENGER,No,Jetblue
N377DA,N377DA,KDTW_Al,KMSY,KBNA,409.0,99,1:39 h,2026-02-13 00:23:00,2026-02-13 02:02:00,B738,Boeing,737-832WL,PASSENGER,No,Delta Air Lines
N706JB,N706JB,AndyV,KJFK,KBUF,261.0,81,1:21 h,2026-02-12 23:46:00,2026-02-13 01:08:00,A320,Airbus,A320-232,PASSENGER,No,Jetblue
C-FIUA,C-FIUA,Aaron1362041,CYYC,CYYZ,1452.0,223,3:43 h,2026-02-12 23:02:00,2026-02-13 02:45:00,B77L,Boeing,777-233LR,PASSENGER,No,Air Canada
PR-GXJ,PR-GXJ,AndyV,SBGR,SBCF,268.0,65,1:05 h,2026-02-12 22:13:00,2026-02-12 23:18:00,B38M,Boeing,737-8EH,PASSENGER,No,GOL
N8244L,N8244L,V1RotateAP,KTMB,KTPA,179.0,85,1:25 h,2026-02-12 21:51:00,2026-02-12 23:16:00,STAR,Beechcraft,Starship,PASSENGER,Yes,
N171CB,N171CB,1715941,KSQL,KE55,98.0,57,0:57 h,2026-02-12 20:24:00,2026-02-12 21:21:00,DA40,Diamond,DA40 Diamond Star,PASSENGER,Yes,
N514RS,N514RS,jimmy_carrot,PADQ,PASI,554.0,135,2:15 h,2026-02-12 19:11:00,2026-02-12 21:27:00,STAR,Beechcraft,Starship,PASSENGER,Yes,
N514RS,N514RS,jimmy_carrot,CYCG,CYWG,791.0,182,3:02 h,2026-02-13 09:17:00,2026-02-13 12:19:00,STAR,Beechcraft,Starship,PASSENGER,Yes,
N2131X,N2131X,V1RotateAP,K52S,KMSO,24.0,24,0:24 h,2026-02-13 18:35:00,2026-02-13 18:59:00,C337,Cessna,337 Super Skymaster,PASSENGER,Yes,
N171CB,N171CB,1715941,KO46,KGCD,233.0,126,2:06 h,2026-02-13 17:49:00,2026-02-13 19:56:00,DA40,Diamond,DA40 Diamond Star,PASSENGER,Yes,
TC-LPB,TC-LPB,AndyV,LTFM,LGAV,297.0,88,1:28 h,2026-02-13 17:30:00,2026-02-13 18:58:00,A21N,Airbus,A321-271NX,PASSENGER,No,Turkish Airlines
N2MK,N2MK,V1RotateAP,BIHN,EKVG,253.0,70,1:10 h,2026-02-13 17:12:00,2026-02-13 18:23:00,P180,Piaggio,P-180 Avanti,PASSENGER,Yes,
N198NV,N198NV,nam1900,KFAT,KLAS,224.0,84,1:24 h,2026-02-13 16:39:00,2026-02-13 18:03:00,A320,Airbus,A320-214,PASSENGER,No,Allegiant Air
N2MK,N2MK,V1RotateAP,BIRF,BIHN,224.0,60,1:00 h,2026-02-13 16:10:00,2026-02-13 17:11:00,P180,Piaggio,P-180 Avanti,PASSENGER,Yes,
N171CB,N171CB,1715941,K36S,KO46,46.0,56,0:56 h,2026-02-13 15:32:00,2026-02-13 16:29:00,DA40,Diamond,DA40 Diamond Star,PASSENGER,Yes,
N514RS,N514RS,jimmy_carrot,CYWG,CYVO,772.0,179,2:59 h,2026-02-13 13:03:00,2026-02-13 16:03:00,STAR,Beechcraft,Starship,PASSENGER,Yes,
N171CB,N171CB,1715941,K0Q5,K36S,110.0,67,1:07 h,2026-02-13 12:05:00,2026-02-13 13:12:00,DA40,Diamond,DA40 Diamond Star,PASSENGER,Yes,
N171CB,N171CB,1715941,KE55,K0Q5,77.0,53,0:53 h,2026-02-13 11:09:00,2026-02-13 12:02:00,DA40,Diamond,DA40 Diamond Star,PASSENGER,Yes,
N322NV,N322NV,Mark3568,KMRY,KLAS,324.0,88,1:28 h,2026-02-14 18:15:00,2026-02-14 19:43:00,A319,Airbus,A319-111,PASSENGER,No,Allegiant Air
D-AIGN,D-AIGN,Aaron1362041,EDDM,KDEN,4528.0,717,11:57 h,2026-02-14 16:06:00,2026-02-15 04:03:00,A343,Airbus,A340-313,PASSENGER,No,Lufthansa
N514RS,N514RS,jimmy_carrot,CYVO,CYQB,270.0,87,1:27 h,2026-02-14 14:04:00,2026-02-14 15:32:00,STAR,Beechcraft,Starship,PASSENGER,Yes,
A6-EGE,A6-EGE,AndyV,OMDB,LOWW,2280.0,429,7:09 h,2026-02-14 13:16:00,2026-02-14 20:25:00,B77W,Boeing,777-300ER,PASSENGER,No,Emirates
F-GKXC,F-GKXC,1293211,ELLX,LEBB,534.0,119,1:59 h,2026-02-14 12:15:00,2026-02-14 14:14:00,A320,Airbus,A320,PASSENGER,No,Air France
N171CB,N171CB,1715941,KBKE,KPIH,253.0,136,2:16 h,2026-02-14 12:09:00,2026-02-14 14:25:00,DA40,Diamond,DA40 Diamond Star,PASSENGER,Yes,
N171CB,N171CB,1715941,KGCD,KBKE,55.0,44,0:44 h,2026-02-14 08:33:00,2026-02-14 09:18:00,DA40,Diamond,DA40 Diamond Star,PASSENGER,Yes,
N790AN,N790AN,AndyV,KDFW,KMIA,973.0,158,2:38 h,2026-02-14 01:23:00,2026-02-14 04:02:00,B772,Boeing,777-200,PASSENGER,No,American Airlines
N77ZE,N77ZE,alchemydc,KSAN,KBIH,284.0,123,2:03 h,2026-02-13 23:15:00,2026-02-14 01:18:00,PC12,Pilatus,PC-12/45,PASSENGER,Yes,
D-AIQT,D-AIQT,AndyV,EDDF,EGLL,352.0,139,2:19 h,2026-02-13 19:29:00,2026-02-13 21:48:00,A320,Airbus,A320,PASSENGER,No,Lufthansa
N514RS,N514RS,jimmy_carrot,LPLA,LPPT,839.0,192,3:12 h,2026-02-15 15:39:00,2026-02-15 18:51:00,STAR,Beechcraft,Starship,PASSENGER,Yes,
N475UA,N475UA,Phil,KDEN,KSAN,740.0,145,2:25 h,2026-02-15 14:30:00,2026-02-15 16:55:00,A320,Airbus,A320-232,PASSENGER,No,United Airlines
N8244L,N8244L,bradfier,KTPA,TXKF,962.0,218,3:38 h,2026-02-15 14:28:00,2026-02-15 18:07:00,STAR,Beechcraft,Starship,PASSENGER,Yes,
N514RS,N514RS,jimmy_carrot,CYHZ,LPLA,1655.0,345,5:45 h,2026-02-15 07:04:00,2026-02-15 12:49:00,STAR,Beechcraft,Starship,PASSENGER,Yes,
N514RS,N514RS,jimmy_carrot,CYQB,CYHZ,349.0,106,1:46 h,2026-02-15 05:11:00,2026-02-15 06:57:00,STAR,Beechcraft,Starship,PASSENGER,Yes,
N475UA,N475UA,Phil,KFSD,KDEN,419.0,91,1:31 h,2026-02-15 00:03:00,2026-02-15 01:35:00,A320,Airbus,A320-232,PASSENGER,No,United Airlines
LV-GKS,LV-GKS,AndyV,SUMU,SABE,118.0,50,0:50 h,2026-02-15 00:00:00,2026-02-15 00:51:00,B738,Boeing,737-887,PASSENGER,No,Aerolineas Argentinas
LV-GKS,LV-GKS,AndyV,SABE,SUMU,118.0,55,0:55 h,2026-02-14 22:29:00,2026-02-14 23:24:00,B738,Boeing,737-887,PASSENGER,No,Aerolineas Argentinas
N77ZE,N77ZE,alchemydc,KBIH,KTVL,119.0,93,1:33 h,2026-02-14 22:23:00,2026-02-14 23:57:00,PC12,Pilatus,PC-12/45,PASSENGER,Yes,
T7-ZEM,T7-ZEM,bradfier,EDQM,EDDS,140.0,79,1:19 h,2026-02-14 18:32:00,2026-02-14 19:52:00,TBM8,Socata,TBM 850,PASSENGER,Yes,
N794UA,N794UA,Lyra,PHNL,KLAX,2218.0,321,5:21 h,2026-02-16 19:19:00,2026-02-17 00:41:00,B772,Boeing,777-222ER,PASSENGER,No,United Airlines
N2131X,N2131X,V1RotateAP,KMSO,MT03,64.0,44,0:44 h,2026-02-16 18:43:00,2026-02-16 19:28:00,C337,Cessna,337 Super Skymaster,PASSENGER,Yes,
N171CB,N171CB,1715941,KMSO,K8S1,46.0,42,0:42 h,2026-02-16 18:38:00,2026-02-16 19:20:00,DA40,Diamond,DA40 Diamond Star,PASSENGER,Yes,
9H-WDH,9H-WDH,AndyV,EKCH,LHBP,549.0,121,2:01 h,2026-02-16 18:08:00,2026-02-16 20:09:00,A21N,Airbus,A321-271NX,PASSENGER,No,Wizz Air
N171CB,N171CB,1715941,K8U8,KMSO,113.0,73,1:13 h,2026-02-16 17:19:00,2026-02-16 18:33:00,DA40,Diamond,DA40 Diamond Star,PASSENGER,Yes,
VT-EDD,VT-EDD,alphagolfcharlie,VIDP,OMDB,1179.0,221,3:41 h,2026-02-16 13:49:00,2026-02-16 17:30:00,A320,Airbus,A320,PASSENGER,No,Air India
N794UA,N794UA,Lyra,PGUM,PHNL,3298.0,417,6:57 h,2026-02-16 12:14:00,2026-02-16 19:12:00,B772,Boeing,777-222ER,PASSENGER,No,United Airlines
N322NV,N322NV,Mark3568,KLAS,KSAN,224.0,66,1:06 h,2026-02-16 06:00:00,2026-02-16 07:06:00,A319,Airbus,A319-111,PASSENGER,No,Allegiant Air
N527DN,N527DN,Aaron1362041,KLAX,CYVR,940.0,178,2:58 h,2026-02-15 21:21:00,2026-02-16 00:20:00,A359,Airbus,A350-941,PASSENGER,No,Delta Air Lines
N171CB,N171CB,1715941,KPIH,K8U8,215.0,120,2:00 h,2026-02-15 17:51:00,2026-02-15 19:51:00,DA40,Diamond,DA40 Diamond Star,PASSENGER,Yes,
N2MK,N2MK,V1RotateAP,EGPB,EGPU,268.0,65,1:05 h,2026-02-17 17:59:00,2026-02-17 19:04:00,P180,Piaggio,P-180 Avanti,PASSENGER,Yes,
N2MK,N2MK,V1RotateAP,EKVG,EGPB,217.0,61,1:01 h,2026-02-17 16:38:00,2026-02-17 17:40:00,P180,Piaggio,P-180 Avanti,PASSENGER,Yes,
C-FRAM,C-FRAM,PilotDeviation,CYVR,KDEN,966.0,169,2:49 h,2026-02-17 16:01:00,2026-02-17 18:50:00,B77W,Boeing,777-333ER,PASSENGER,No,Air Canada
N794UA,N794UA,Lyra,KLAX,RJAA,4726.0,719,11:59 h,2026-02-17 14:22:00,2026-02-18 02:21:00,B772,Boeing,777-222ER,PASSENGER,No,United Airlines
N3746H,N3746H,KDTW_Al,KDTW,KPWM,579.0,108,1:48 h,2026-02-17 00:18:00,2026-02-17 02:07:00,B738,Boeing,737-832WL,PASSENGER,No,Delta Air Lines
N475UA,N475UA,Phil,KSAN,KDEN,740.0,120,2:00 h,2026-02-16 23:28:00,2026-02-17 01:28:00,A320,Airbus,A320-232,PASSENGER,No,United Airlines
EI-EBG,EI-EBG,AndyV,LIMC,LMML,641.0,108,1:48 h,2026-02-16 23:27:00,2026-02-17 01:15:00,B738,Boeing,737-800,PASSENGER,No,Ryanair
D-AIDO,D-AIDO,AndyV,EDDL,EDDS,182.0,63,1:03 h,2026-02-16 20:29:00,2026-02-16 21:33:00,A321,Airbus,A321,PASSENGER,No,Eurowings
N171CB,N171CB,1715941,K8S1,CKY8,211.0,100,1:40 h,2026-02-16 19:33:00,2026-02-16 21:14:00,DA40,Diamond,DA40 Diamond Star,PASSENGER,Yes,
N2131X,N2131X,V1RotateAP,MT03,KGPI,19.0,35,0:35 h,2026-02-16 19:28:00,2026-02-16 20:04:00,C337,Cessna,337 Super Skymaster,PASSENGER,Yes,
N794UA,N794UA,Lyra,PGUM,PHNL,3298.0,434,7:14 h,2026-02-18 16:23:00,2026-02-18 23:37:00,B772,Boeing,777-222ER,PASSENGER,No,United Airlines
N794UA,N794UA,Lyra,RJAA,PGUM,1358.0,232,3:52 h,2026-02-18 12:26:00,2026-02-18 16:18:00,B772,Boeing,777-222ER,PASSENGER,No,United Airlines
N8244L,N8244L,bradfier,TXKF,LPLA,1862.0,361,6:01 h,2026-02-18 10:42:00,2026-02-18 16:44:00,STAR,Beechcraft,Starship,PASSENGER,Yes,
N514RS,N514RS,jimmy_carrot,LPPT,LIML,909.0,216,3:36 h,2026-02-18 08:40:00,2026-02-18 12:17:00,STAR,Beechcraft,Starship,PASSENGER,Yes,
N77ZE,N77ZE,alchemydc,KTVL,KSMF,75.0,103,1:43 h,2026-02-18 02:08:00,2026-02-18 03:51:00,PC12,Pilatus,PC-12/45,PASSENGER,Yes,
N23615,N23615,Frilex,KIFA,KLSE,122.0,51,0:51 h,2026-02-18 00:56:00,2026-02-18 01:48:00,BE36,Beechcraft,A36 Bonanza,PASSENGER,Yes,
N377DA,N377DA,KDTW_Al,KBNA,KTUL,446.0,106,1:46 h,2026-02-18 00:17:00,2026-02-18 02:03:00,B738,Boeing,737-832WL,PASSENGER,No,Delta Air Lines
N676NK,N676NK,Jay6zero,KCLT,KLGA,472.0,99,1:39 h,2026-02-17 23:12:00,2026-02-18 00:52:00,A321,Airbus,A321,PASSENGER,No,Spirit Airlines
N23615,N23615,Frilex,KFET,KIFA,157.0,73,1:13 h,2026-02-17 23:02:00,2026-02-18 00:15:00,BE36,Beechcraft,A36 Bonanza,PASSENGER,Yes,
N2131X,N2131X,V1RotateAP,KGPI,KSMN,191.0,87,1:27 h,2026-02-17 20:34:00,2026-02-17 22:01:00,C337,Cessna,337 Super Skymaster,PASSENGER,Yes,
D-AKNT,D-AKNT,AndyV,EDDH,EDDL,183.0,122,2:02 h,2026-02-19 20:18:00,2026-02-19 22:20:00,A319,Airbus,A319,PASSENGER,No,Eurowings
N6008S,N6008S,bradfier,KGJT,KSBS,113.0,64,1:04 h,2026-02-19 18:06:00,2026-02-19 19:10:00,BE60,Beechcraft,Model 60 Duke,PASSENGER,Yes,
CS-TJE,CS-TJE,AndyV,LEMD,LPPT,277.0,126,2:06 h,2026-02-19 17:46:00,2026-02-19 19:53:00,A321,Airbus,A321-211,PASSENGER,No,TAP Air Portugal
N792XJ,N792XJ,1562477,KMIA,KOWD,1082.0,163,2:43 h,2026-02-19 16:22:00,2026-02-19 19:05:00,C750,Cessna,Citation X,PASSENGER,Yes,
N2MK,N2MK,V1RotateAP,EGCK,EGTE,146.0,48,0:48 h,2026-02-19 16:19:00,2026-02-19 17:07:00,P180,Piaggio,P-180 Avanti,PASSENGER,Yes,
CS-TJE,CS-TJE,AndyV,LPPT,LEMD,277.0,83,1:23 h,2026-02-19 16:11:00,2026-02-19 17:34:00,A321,Airbus,A321-211,PASSENGER,No,TAP Air Portugal
N794UA,N794UA,Lyra,PHNL,KSFO,2082.0,315,5:15 h,2026-02-19 14:43:00,2026-02-19 19:58:00,B772,Boeing,777-222ER,PASSENGER,No,United Airlines
N2131X,N2131X,V1RotateAP,KSMN,KBOI,137.0,86,1:26 h,2026-02-18 19:20:00,2026-02-18 20:46:00,C337,Cessna,337 Super Skymaster,PASSENGER,Yes,
N8244L,N8244L,bradfier,LPLA,LPPR,858.0,188,3:08 h,2026-02-18 17:20:00,2026-02-18 20:28:00,STAR,Beechcraft,Starship,PASSENGER,Yes,
N2MK,N2MK,V1RotateAP,EGPU,EGCK,221.0,63,1:03 h,2026-02-18 16:29:00,2026-02-18 17:33:00,P180,Piaggio,P-180 Avanti,PASSENGER,Yes,
N2MK,N2MK,V1RotateAP,EGMD,LFAT,36.0,20,0:20 h,2026-02-20 18:32:00,2026-02-20 18:52:00,P180,Piaggio,P-180 Avanti,PASSENGER,Yes,
N2MK,N2MK,V1RotateAP,EGHF,EGMD,81.0,51,0:51 h,2026-02-20 17:33:00,2026-02-20 18:25:00,P180,Piaggio,P-180 Avanti,PASSENGER,Yes,
N889UA,N889UA,Lyra,KIAH,MNMG,1186.0,197,3:17 h,2026-02-20 17:22:00,2026-02-20 20:40:00,A319,Airbus,A319-132,PASSENGER,No,United Airlines
OY-KAP,OY-KAP,AndyV,EVRA,ESSA,251.0,84,1:24 h,2026-02-20 16:49:00,2026-02-20 18:13:00,A320,Airbus,A320-232,PASSENGER,No,SAS
N2MK,N2MK,V1RotateAP,EGTE,EGHF,84.0,31,0:31 h,2026-02-20 16:12:00,2026-02-20 16:44:00,P180,Piaggio,P-180 Avanti,PASSENGER,Yes,
N792XJ,N792XJ,1562477,KOWD,KJWN,813.0,123,2:03 h,2026-02-20 14:50:00,2026-02-20 16:54:00,C750,Cessna,Citation X,PASSENGER,Yes,
C-GUFR,C-GUFR,AndyV,CYUL,CYYZ,273.0,76,1:16 h,2026-02-20 00:57:00,2026-02-20 02:13:00,A332,Airbus,A330-243,PASSENGER,No,Air Transat
N2131X,N2131X,V1RotateAP,KMLD,KSLC,83.0,47,0:47 h,2026-02-19 22:28:00,2026-02-19 23:15:00,C337,Cessna,337 Super Skymaster,PASSENGER,Yes,
N2131X,N2131X,V1RotateAP,KJER,KMLD,101.0,50,0:50 h,2026-02-19 21:37:00,2026-02-19 22:27:00,C337,Cessna,337 Super Skymaster,PASSENGER,Yes,
N2131X,N2131X,V1RotateAP,KBOI,KJER,92.0,52,0:52 h,2026-02-19 20:42:00,2026-02-19 21:35:00,C337,Cessna,337 Super Skymaster,PASSENGER,Yes,
N514RS,N514RS,jimmy_carrot,LKPR,EDSB,253.0,105,1:45 h,2026-02-21 11:11:00,2026-02-21 12:57:00,STAR,Beechcraft,Starship,PASSENGER,Yes,
N514RS,N514RS,jimmy_carrot,LOWW,LKPR,150.0,73,1:13 h,2026-02-21 06:35:00,2026-02-21 07:49:00,STAR,Beechcraft,Starship,PASSENGER,Yes,
C-GMIQ,C-GMIQ,Aaron1362041,CYYZ,CYWG,812.0,159,2:39 h,2026-02-21 03:17:00,2026-02-21 05:56:00,B38M,Boeing,737 MAX 8,PASSENGER,No,Air Canada
N889UA,N889UA,Lyra,MNMG,KIAH,1186.0,197,3:17 h,2026-02-20 20:45:00,2026-02-21 00:02:00,A319,Airbus,A319-132,PASSENGER,No,United Airlines
N171CB,N171CB,1715941,CYCZ,01MT,100.0,53,0:53 h,2026-02-20 20:12:00,2026-02-20 21:06:00,DA40,Diamond,DA40 Diamond Star,PASSENGER,Yes,
N171CB,N171CB,1715941,CKY8,CYCZ,67.0,39,0:39 h,2026-02-20 19:23:00,2026-02-20 20:02:00,DA40,Diamond,DA40 Diamond Star,PASSENGER,Yes,
N2131X,N2131X,V1RotateAP,KSLC,KPVU,36.0,39,0:39 h,2026-02-20 18:57:00,2026-02-20 19:37:00,C337,Cessna,337 Super Skymaster,PASSENGER,Yes,
SX-DVX,SX-DVX,AndyV,LROP,LGAV,410.0,111,1:51 h,2026-02-20 18:37:00,2026-02-20 20:29:00,A320,Airbus,A320-232,PASSENGER,No,Aegean
N514RS,N514RS,jimmy_carrot,LIML,LOWW,339.0,119,1:59 h,2026-02-20 18:36:00,2026-02-20 20:35:00,STAR,Beechcraft,Starship,PASSENGER,Yes,
N171CB,N171CB,1715941,CKY8,CKY8,0.0,34,0:34 h,2026-02-20 18:33:00,2026-02-20 19:08:00,DA40,Diamond,DA40 Diamond Star,PASSENGER,Yes,
N601JG,N601JG,Lyra,KMMU,KRIC,239.0,82,1:22 h,2026-02-22 18:18:00,2026-02-22 19:41:00,CL60,Bombardier,Challenger 600,PASSENGER,No,
G-CMKY,G-CMKY,bradfier,EGCK,EGAD,100.0,50,0:50 h,2026-02-22 17:38:00,2026-02-22 18:29:00,BE76,Beechcraft,Duchess,PASSENGER,Yes,
N23615,N23615,Frilex,KLSE,KMKE,156.0,62,1:02 h,2026-02-22 17:19:00,2026-02-22 18:21:00,BE36,Beechcraft,A36 Bonanza,PASSENGER,Yes,
G-CMKY,G-CMKY,bradfier,EGKA,EGCK,202.0,88,1:28 h,2026-02-22 16:02:00,2026-02-22 17:30:00,BE76,Beechcraft,Duchess,PASSENGER,Yes,
N641UA,N641UA,Lyra,KIAH,KEWR,1215.0,184,3:04 h,2026-02-22 14:11:00,2026-02-22 17:16:00,B763,Boeing,767-322ER,PASSENGER,No,United Airlines
EI-EBK,EI-EBK,AndyV,EIDW,EGSS,254.0,75,1:15 h,2026-02-21 23:38:00,2026-02-22 00:54:00,B738,Boeing,737-800,PASSENGER,No,Ryanair
D-AIQU,D-AIQU,AndyV,EBBR,EDDF,163.0,94,1:34 h,2026-02-21 19:32:00,2026-02-21 21:06:00,A320,Airbus,A320,PASSENGER,No,Lufthansa
N752AN,N752AN,Aaron1362041,KJFK,KLAS,1948.0,335,5:35 h,2026-02-21 18:32:00,2026-02-22 00:08:00,B772,Boeing,777-200,PASSENGER,No,American Airlines
D-AIQU,D-AIQU,AndyV,EDDF,EBBR,163.0,72,1:12 h,2026-02-21 18:03:00,2026-02-21 19:16:00,A320,Airbus,A320,PASSENGER,No,Lufthansa
N321US,N321US,Phil,KDEN,KMSP,589.0,101,1:41 h,2026-02-21 15:19:00,2026-02-21 17:00:00,A320,Airbus,A320,PASSENGER,No,Delta Air Lines
SE-RPJ,SE-RPJ,AndyV,EKCH,ENBR,366.0,133,2:13 h,2026-02-23 19:02:00,2026-02-23 21:15:00,B738,Boeing,737-8JP,PASSENGER,No,Norwegian
G-CEDK,G-CEDK,bradfier,ENTC,ENSB,517.0,106,1:46 h,2026-02-23 18:50:00,2026-02-23 20:36:00,C750,Cessna,Citation X,SPECIAL,No,
SE-RPJ,SE-RPJ,AndyV,ENGM,EKCH,279.0,91,1:31 h,2026-02-23 17:10:00,2026-02-23 18:41:00,B738,Boeing,737-8JP,PASSENGER,No,Norwegian
N514RS,N514RS,jimmy_carrot,EDSB,LSGG,172.0,56,0:56 h,2026-02-23 06:02:00,2026-02-23 06:59:00,STAR,Beechcraft,Starship,PASSENGER,Yes,
N3758Y,N3758Y,KDTW_Al,KIND,KMEM,331.0,99,1:39 h,2026-02-23 00:38:00,2026-02-23 02:17:00,B738,Boeing,737-832,PASSENGER,No,Delta Air Lines
N337B,N337B,V1RotateAP,KOSH,KSUE,70.0,50,0:50 h,2026-02-22 22:47:00,2026-02-22 23:37:00,C337,Cessna,T337C Skymaster,PASSENGER,Yes,
N23615,N23615,Frilex,KMDW,CYQG,215.0,85,1:25 h,2026-02-22 20:59:00,2026-02-22 22:24:00,BE36,Beechcraft,A36 Bonanza,PASSENGER,Yes,
G-CEDK,G-CEDK,bradfier,EDDN,ENTC,1232.0,195,3:15 h,2026-02-22 20:57:00,2026-02-23 00:13:00,C750,Cessna,Citation X,SPECIAL,No,
N505JB,N505JB,PilotDeviation,KDTW,KJFK,440.0,100,1:40 h,2026-02-22 18:52:00,2026-02-22 20:33:00,A320,Airbus,A320,PASSENGER,No,Jetblue
N23615,N23615,Frilex,KMKE,KMDW,70.0,36,0:36 h,2026-02-22 18:51:00,2026-02-22 19:27:00,BE36,Beechcraft,A36 Bonanza,PASSENGER,Yes,
N514RS,N514RS,jimmy_carrot,LSGG,LSZS,157.0,81,1:21 h,2026-02-24 15:44:00,2026-02-24 17:06:00,STAR,Beechcraft,Starship,PASSENGER,Yes,
N641UA,N641UA,Lyra,KEWR,TNCA,1706.0,280,4:40 h,2026-02-24 14:30:00,2026-02-24 19:10:00,B763,Boeing,767-322ER,PASSENGER,No,United Airlines
LV-GFQ,LV-GFQ,AndyV,SABE,SUMU,118.0,51,0:51 h,2026-02-24 02:11:00,2026-02-24 03:03:00,B738,Boeing,737-8SH,PASSENGER,No,Aerolineas Argentinas
N601JG,N601JG,Lyra,KMIA,KEWR,945.0,154,2:34 h,2026-02-24 00:00:00,2026-02-24 02:35:00,CL60,Bombardier,Challenger 600,PASSENGER,No,
N33286,N33286,AndyV,KIAD,KBOS,358.0,117,1:57 h,2026-02-23 23:24:00,2026-02-24 01:22:00,B738,Boeing,737-800,PASSENGER,No,United Airlines
N23615,N23615,Frilex,CYQG,KDCA,339.0,135,2:15 h,2026-02-23 23:02:00,2026-02-24 01:18:00,BE36,Beechcraft,A36 Bonanza,PASSENGER,Yes,
N531DN,N531DN,1381271,KATL,KMSP,788.0,204,3:24 h,2026-02-23 22:02:00,2026-02-24 01:26:00,A359,Airbus,A350-941,PASSENGER,No,Delta Air Lines
N706JB,N706JB,AndyV,KBOS,KJFK,162.0,66,1:06 h,2026-02-23 21:50:00,2026-02-23 22:57:00,A320,Airbus,A320-232,PASSENGER,No,Jetblue
N601JG,N601JG,Lyra,KEWR,KMIA,945.0,161,2:41 h,2026-02-23 21:03:00,2026-02-23 23:44:00,CL60,Bombardier,Challenger 600,PASSENGER,No,
N601JG,N601JG,Lyra,KRIC,KEWR,241.0,69,1:09 h,2026-02-23 19:32:00,2026-02-23 20:42:00,CL60,Bombardier,Challenger 600,PASSENGER,No,
N2MK,N2MK,V1RotateAP,LFSJ,LFST,122.0,39,0:39 h,2026-02-25 16:41:00,2026-02-25 17:21:00,P180,Piaggio,P-180 Avanti,PASSENGER,Yes,
N514RS,N514RS,jimmy_carrot,LSZS,LSZH,78.0,60,1:00 h,2026-02-25 12:10:00,2026-02-25 13:11:00,STAR,Beechcraft,Starship,PASSENGER,Yes,
N23615,N23615,Frilex,KDCA,KEWR,172.0,76,1:16 h,2026-02-24 21:09:00,2026-02-24 22:25:00,BE36,Beechcraft,A36 Bonanza,PASSENGER,Yes,
G-CEDK,G-CEDK,bradfier,ENSB,CYRB,1334.0,213,3:33 h,2026-02-24 21:07:00,2026-02-25 00:40:00,C750,Cessna,Citation X,SPECIAL,No,
EI-DSY,EI-DSY,AndyV,LIMC,LIRF,275.0,105,1:45 h,2026-02-24 21:02:00,2026-02-24 22:47:00,A320,Airbus,A320-216,PASSENGER,No,ITA Airways
N337B,N337B,V1RotateAP,KSUE,KMKE,115.0,67,1:07 h,2026-02-24 20:22:00,2026-02-24 21:30:00,C337,Cessna,T337C Skymaster,PASSENGER,Yes,
LV-FVO,LV-FVO,lebrun,SABE,SAAV,209.0,56,0:56 h,2026-02-24 19:22:00,2026-02-24 20:19:00,B738,Boeing,737-8SH,PASSENGER,No,Aerolineas Argentinas
N641UA,N641UA,Lyra,TNCA,KEWR,1706.0,268,4:28 h,2026-02-24 19:16:00,2026-02-24 23:45:00,B763,Boeing,767-322ER,PASSENGER,No,United Airlines
EI-EBK,EI-EBK,AndyV,EGSS,EDDB,489.0,96,1:36 h,2026-02-24 18:57:00,2026-02-24 20:33:00,B738,Boeing,737-800,PASSENGER,No,Ryanair
N2MK,N2MK,V1RotateAP,LFAT,LFSJ,141.0,41,0:41 h,2026-02-24 16:39:00,2026-02-24 17:21:00,P180,Piaggio,P-180 Avanti,PASSENGER,Yes,
N3773D,N3773D,KDTW_Al,KORD,KRIC,557.0,101,1:41 h,2026-02-26 00:21:00,2026-02-26 02:02:00,B738,Boeing,737-832,PASSENGER,No,Delta Air Lines
N305DN,N305DN,1381271,KIND,KMSP,436.0,120,2:00 h,2026-02-25 23:26:00,2026-02-26 01:26:00,A321,Airbus,A321,PASSENGER,No,Delta Air Lines
N23615,N23615,Frilex,CYQI,CYHZ,127.0,69,1:09 h,2026-02-25 22:54:00,2026-02-26 00:03:00,BE36,Beechcraft,A36 Bonanza,PASSENGER,Yes,
N78004,N78004,Lyra,MGGT,KEWR,1785.0,286,4:46 h,2026-02-25 22:17:00,2026-02-26 03:03:00,B772,Boeing,777-200,PASSENGER,No,United Airlines
N23615,N23615,Frilex,KBOS,CYQI,232.0,122,2:02 h,2026-02-25 20:30:00,2026-02-25 22:32:00,BE36,Beechcraft,A36 Bonanza,PASSENGER,Yes,
N337B,N337B,V1RotateAP,KMKE,KTOL,199.0,90,1:30 h,2026-02-25 19:44:00,2026-02-25 21:14:00,C337,Cessna,T337C Skymaster,PASSENGER,Yes,
N514RS,N514RS,jimmy_carrot,LSZH,LFMN,235.0,104,1:44 h,2026-02-25 19:26:00,2026-02-25 21:10:00,STAR,Beechcraft,Starship,PASSENGER,Yes,
N2MK,N2MK,V1RotateAP,LFST,LSGL,126.0,50,0:50 h,2026-02-25 17:55:00,2026-02-25 18:45:00,P180,Piaggio,P-180 Avanti,PASSENGER,Yes,
N78004,N78004,Lyra,KEWR,MGGT,1785.0,286,4:46 h,2026-02-25 17:20:00,2026-02-25 22:07:00,B772,Boeing,777-200,PASSENGER,No,United Airlines
N23615,N23615,Frilex,KEWR,KBOS,174.0,103,1:43 h,2026-02-25 17:18:00,2026-02-25 19:02:00,BE36,Beechcraft,A36 Bonanza,PASSENGER,Yes,
N171CB,N171CB,1715941,01MT,2MT1,40.0,32,0:32 h,2026-02-26 20:12:00,2026-02-26 20:45:00,DA40,Diamond,DA40 Diamond Star,PASSENGER,Yes,
N337B,N337B,V1RotateAP,73PN,KFRG,170.0,65,1:05 h,2026-02-26 19:16:00,2026-02-26 20:21:00,C337,Cessna,T337C Skymaster,PASSENGER,Yes,
N337B,N337B,V1RotateAP,KOYM,73PN,64.0,30,0:30 h,2026-02-26 18:40:00,2026-02-26 19:10:00,C337,Cessna,T337C Skymaster,PASSENGER,Yes,
N337B,N337B,V1RotateAP,K4G1,KOYM,85.0,40,0:40 h,2026-02-26 17:59:00,2026-02-26 18:39:00,C337,Cessna,T337C Skymaster,PASSENGER,Yes,
N78004,N78004,Lyra,KEWR,EHAM,3168.0,413,6:53 h,2026-02-26 17:38:00,2026-02-27 00:31:00,B772,Boeing,777-200,PASSENGER,No,United Airlines
N104TQ,N104TQ,PilotDeviation,KSJC,KTRK,144.0,77,1:17 h,2026-02-26 17:34:00,2026-02-26 18:51:00,SR22,Cirrus,SR22,PASSENGER,Yes,
N337B,N337B,V1RotateAP,KBJJ,K4G1,75.0,32,0:32 h,2026-02-26 17:26:00,2026-02-26 17:58:00,C337,Cessna,T337C Skymaster,PASSENGER,Yes,
N337B,N337B,V1RotateAP,58OH,KBJJ,64.0,39,0:39 h,2026-02-26 16:44:00,2026-02-26 17:23:00,C337,Cessna,T337C Skymaster,PASSENGER,Yes,
N337B,N337B,V1RotateAP,KTOL,58OH,43.0,25,0:25 h,2026-02-26 16:18:00,2026-02-26 16:43:00,C337,Cessna,T337C Skymaster,PASSENGER,Yes,
N171CB,N171CB,1715941,KJAC,K40U,164.0,84,1:24 h,2026-02-27 10:45:00,2026-02-27 12:09:00,DA40,Diamond,DA40 Diamond Star,PASSENGER,Yes,
N514RS,N514RS,jimmy_carrot,LFPB,LFMN,375.0,126,2:06 h,2026-02-27 08:41:00,2026-02-27 10:47:00,STAR,Beechcraft,Starship,PASSENGER,Yes,
N171CB,N171CB,1715941,KGTF,KJAC,234.0,118,1:58 h,2026-02-27 08:36:00,2026-02-27 10:35:00,DA40,Diamond,DA40 Diamond Star,PASSENGER,Yes,
N171CB,N171CB,1715941,2MT1,KGTF,120.0,49,0:49 h,2026-02-27 07:34:00,2026-02-27 08:24:00,DA40,Diamond,DA40 Diamond Star,PASSENGER,Yes,
N514RS,N514RS,jimmy_carrot,LIRP,LFPB,457.0,132,2:12 h,2026-02-27 05:30:00,2026-02-27 07:42:00,STAR,Beechcraft,Starship,PASSENGER,Yes,
N514RS,N514RS,jimmy_carrot,LFMN,LIRP,137.0,63,1:03 h,2026-02-27 04:23:00,2026-02-27 05:26:00,STAR,Beechcraft,Starship,PASSENGER,Yes,
N337B,N337B,V1RotateAP,KESN,KJGG,98.0,41,0:41 h,2026-02-27 03:11:00,2026-02-27 03:52:00,C337,Cessna,T337C Skymaster,PASSENGER,Yes,
N337B,N337B,V1RotateAP,KACY,KESN,92.0,1037,17:17 h,2026-02-27 01:48:00,2026-02-27 19:06:00,C337,Cessna,T337C Skymaster,PASSENGER,Yes,
N23615,N23615,Frilex,CYHZ,CYYR,520.0,189,3:09 h,2026-02-26 23:16:00,2026-02-27 02:25:00,BE36,Beechcraft,A36 Bonanza,PASSENGER,Yes,
N337B,N337B,V1RotateAP,KFRG,KACY,93.0,49,0:49 h,2026-02-26 22:35:00,2026-02-26 23:25:00,C337,Cessna,T337C Skymaster,PASSENGER,Yes,
N514RS,N514RS,jimmy_carrot,LSZH,EHAM,325.0,120,2:00 h,2026-02-27 20:08:00,2026-02-27 22:09:00,STAR,Beechcraft,Starship,PASSENGER,Yes,
G-DBCA,G-DBCA,alphagolfcharlie,EGLL,ESSA,789.0,124,2:04 h,2026-02-27 20:01:00,2026-02-27 22:05:00,A319,Airbus,A319,PASSENGER,No,British Airways
N337B,N337B,V1RotateAP,KFFA,KMQI,6.0,6,0:06 h,2026-02-27 18:26:00,2026-02-27 18:32:00,C337,Cessna,T337C Skymaster,PASSENGER,Yes,
N337B,N337B,V1RotateAP,KMQI,KFFA,6.0,5,0:05 h,2026-02-27 18:20:00,2026-02-27 18:25:00,C337,Cessna,T337C Skymaster,PASSENGER,Yes,
N337B,N337B,V1RotateAP,KJGG,KMQI,93.0,43,0:43 h,2026-02-27 17:35:00,2026-02-27 18:19:00,C337,Cessna,T337C Skymaster,PASSENGER,Yes,
N2MK,N2MK,V1RotateAP,LSGL,LOWI,198.0,64,1:04 h,2026-02-27 16:17:00,2026-02-27 17:21:00,P180,Piaggio,P-180 Avanti,PASSENGER,Yes,
N104TQ,N104TQ,PilotDeviation,KTRK,KTWF,318.0,124,2:04 h,2026-02-27 14:49:00,2026-02-27 16:53:00,SR22,Cirrus,SR22,PASSENGER,Yes,
N23615,N23615,Frilex,CYYR,BGGH,705.0,278,4:38 h,2026-02-27 13:12:00,2026-02-27 17:51:00,BE36,Beechcraft,A36 Bonanza,PASSENGER,Yes,
N171CB,N171CB,1715941,K40U,KCNY,134.0,90,1:30 h,2026-02-27 12:24:00,2026-02-27 13:54:00,DA40,Diamond,DA40 Diamond Star,PASSENGER,Yes,
N514RS,N514RS,jimmy_carrot,LFMN,LSZH,235.0,99,1:39 h,2026-02-27 11:07:00,2026-02-27 12:46:00,STAR,Beechcraft,Starship,PASSENGER,Yes,
